iter,n,K,max_previous_assortments,worst_case_revenue,best_case_revenue
1,10,10,0.43059450867631316,0.4305945086763132,0.4305945086763132
2,10,10,0.541784973578919,0.5417849735789191,0.5417849735789191
3,10,10,0.5148463192606103,0.5148463192606103,0.5918529579122854
4,10,10,0.568866876692384,0.568866876692384,0.568866876692384
5,10,10,0.53241437680981,0.53241437680981,0.53241437680981
6,10,10,0.7631307993942056,0.7631307993942056,0.7631307993942056
7,10,10,0.5113990093451902,0.5113990093451902,0.5113990093451902
8,10,10,0.7489115630798973,0.7489115630798971,0.7489115630798971
9,10,10,0.4942716652716444,0.4942716652716444,0.4942716652716444
10,10,10,0.3414049628446641,0.34140496284466404,0.34140496284466404
11,10,10,0.66142662107437,0.6614266210743699,0.6614266210743699
12,10,10,0.5430550230638652,0.5870829667570356,0.5870829667570356
13,10,10,0.6432313804257879,0.6432313804257879,0.6432313804257879
14,10,10,0.24364335746577473,0.24364335746577476,0.24364335746577476
15,10,10,0.6220411227522815,0.6220411227522815,0.6220411227522815
16,10,10,0.6881364086133571,0.688136408613357,0.688136408613357
17,10,10,0.4265407127371095,0.42654071273710953,0.42654071273710953
18,10,10,0.3136089960358323,0.32672498852968346,0.33992341926112324
19,10,10,0.38910014595215925,0.38910014595215925,0.38910014595215925
20,10,10,0.5630140481111018,0.5630140481111018,0.5630140481111018
21,10,10,0.3184139629138267,0.35479635200874793,0.41289922569052573
22,10,10,0.5079966730894581,0.5079966730894581,0.5079966730894581
23,10,10,0.6524722178703418,0.6524722178703418,0.6524722178703418
24,10,10,0.5648935081135167,0.5648935081135167,0.5648935081135167
25,10,10,0.6621317512957895,0.6621317512957895,0.6621317512957895
26,10,10,0.4379020850145806,0.43947195673316947,0.4477832612742948
27,10,10,0.538255240950605,0.5382552409506048,0.5382552409506048
28,10,10,0.5368715262078881,0.5368715262078881,0.5368715262078881
29,10,10,0.7255780810933045,0.7255780810933046,0.7255780810933046
30,10,10,0.6618151043613877,0.6618151043613877,0.6618151043613877
31,10,10,0.44258249418484674,0.5065750978667989,0.684986266048009
32,10,10,0.37504063846827673,0.3750406384682768,0.3750406384682768
33,10,10,0.7434936745089383,0.7434936745089382,0.7434936745089382
34,10,10,0.500752640860644,0.500752640860644,0.500752640860644
35,10,10,0.40687153102391604,0.40687153102391604,0.40687153102391604
36,10,10,0.3644906314166842,0.3644906314166843,0.3644906314166843
37,10,10,0.27364820021518355,0.27364820021518355,0.27364820021518355
38,10,10,0.5999874456794527,0.5999874456794527,0.5999874456794527
39,10,10,0.43245531615695354,0.4501231108605472,0.5560629008284447
40,10,10,0.7717267943393125,0.7717267943393125,0.7717267943393125
41,10,10,0.4601526354864286,0.46832696556686854,0.46832696556686854
42,10,10,0.5833749101315272,0.5833749101315273,0.5833749101315273
43,10,10,0.7636934984864687,0.7636934984864686,0.7636934984864686
44,10,10,0.6980993227625417,0.6980993227625417,0.6980993227625417
45,10,10,0.7271626575691338,0.7271626575691338,0.7271626575691338
46,10,10,0.49341186762940625,0.49341186762940625,0.49341186762940625
47,10,10,0.7899069313556178,0.7899069313556177,0.7899069313556177
48,10,10,0.5258633234364686,0.5258633234364686,0.5258633234364686
49,10,10,0.6350590608828903,0.6350590608828903,0.6350590608828903
50,10,10,0.6453084458508925,0.6453084458508925,0.6453084458508925
51,10,10,0.7099244070440035,0.7099244070440035,0.7099244070440035
52,10,10,0.5847328856452306,0.5847328856452306,0.5847328856452306
53,10,10,0.70463775545655,0.70463775545655,0.70463775545655
54,10,10,0.691923374818473,0.691923374818473,0.691923374818473
55,10,10,0.43937110470761986,0.43937110470761986,0.43937110470761986
56,10,10,0.595739274305006,0.595739274305006,0.595739274305006
57,10,10,0.4778620371272171,0.5982102864989125,0.5982102864989125
58,10,10,0.49836011822977466,0.49836011822977466,0.49836011822977466
59,10,10,0.6529553430883995,0.6529553430883995,0.6529553430883995
60,10,10,0.3845782632586394,0.3845782632586394,0.3845782632586394
61,10,10,0.46507560577335283,0.4650756057733529,0.4650756057733529
62,10,10,0.43894379025220615,0.4389437902522061,0.4389437902522061
63,10,10,0.3039011386672079,0.3039011386672079,0.3039011386672079
64,10,10,0.3443753504228609,0.3443753504228609,0.3443753504228609
65,10,10,0.3156857255824348,0.3156857255824348,0.3156857255824348
66,10,10,0.7848801829121773,0.7848801829121774,0.7848801829121774
67,10,10,0.4009214431827771,0.4009214431827771,0.4009214431827771
68,10,10,0.571408172657197,0.5903198463851924,0.5903198463851924
69,10,10,0.7828782618960646,0.7828782618960646,0.7828782618960646
70,10,10,0.4945594872393552,0.49455948723935517,0.49455948723935517
71,10,10,0.6235981160944455,0.636702199817604,0.6982722698745398
72,10,10,0.5016842651321561,0.5016842651321561,0.5016842651321561
73,10,10,0.4492267775251614,0.4492267775251614,0.4492267775251614
74,10,10,0.5116280908053671,0.5116280908053672,0.5116280908053672
75,10,10,0.38592939167799983,0.3859293916779998,0.3859293916779998
76,10,10,0.3212127237288706,0.3212127237288706,0.3212127237288706
77,10,10,0.5114798828283721,0.5114798828283721,0.5114798828283721
78,10,10,0.7351416755783383,0.7351416755783383,0.7351416755783383
79,10,10,0.5875159802530724,0.5875159802530724,0.5875159802530724
80,10,10,0.5502840876656576,0.5502840876656576,0.5502840876656576
81,10,10,0.4941092083940891,0.494109208394089,0.494109208394089
82,10,10,0.6799095829962367,0.6799095829962367,0.6799095829962367
83,10,10,0.7813502266066201,0.78135022660662,0.78135022660662
84,10,10,0.2994147303540601,0.2994147303540601,0.2994147303540601
85,10,10,0.49718562622064033,0.49718562622064033,0.49718562622064033
86,10,10,0.5899332846014161,0.5899332846014161,0.5899332846014161
87,10,10,0.5833451098169155,0.5833451098169153,0.5833451098169153
88,10,10,0.28977070654817205,0.2897707065481721,0.2897707065481721
89,10,10,0.647571835838917,0.647571835838917,0.647571835838917
90,10,10,0.47719663693337144,0.4771966369333714,0.4771966369333714
91,10,10,0.7955164749737523,0.7955164749737522,0.7955164749737522
92,10,10,0.4951146662138922,0.4951146662138922,0.4951146662138922
93,10,10,0.7751798167502516,0.7751798167502516,0.7751798167502516
94,10,10,0.6260441706665127,0.6260441706665125,0.6260441706665125
95,10,10,0.3433460511241477,0.3433460511241477,0.3433460511241477
96,10,10,0.4354682098118634,0.47807924204566066,0.47807924204566066
97,10,10,0.6189766565518937,0.6189766565518937,0.6189766565518937
98,10,10,0.6911807952560018,0.6911807952560018,0.6911807952560018
99,10,10,0.3641734820212637,0.3738015042678819,0.4321346126794272
100,10,10,0.7552196864813883,0.7552196864813884,0.7552196864813884
101,10,10,0.9015500924747382,0.9015500924747382,0.9015500924747382
102,10,10,0.3578751368880467,0.35787513688804673,0.35787513688804673
103,10,10,0.5014539541432035,0.5014539541432034,0.5014539541432034
104,10,10,0.5985651295476132,0.5985651295476132,0.5985651295476132
105,10,10,0.6010726285855529,0.601072628585553,0.601072628585553
106,10,10,0.42239906097038615,0.42239906097038615,0.42239906097038615
107,10,10,0.36763411087536646,0.36763411087536646,0.36763411087536646
108,10,10,0.5397268550843789,0.5397268550843788,0.5397268550843788
109,10,10,0.4541391777983549,0.4541391777983549,0.4541391777983549
110,10,10,0.6966384149915454,0.7096645425389065,0.7096645425389065
111,10,10,0.5375927561980179,0.5535086085487395,0.5535086085487395
112,10,10,0.3365039051700125,0.33650390517001255,0.33650390517001255
113,10,10,0.39916209378250234,0.3991620937825024,0.43366243875623456
114,10,10,0.47518026641861744,0.47518026641861744,0.47518026641861744
115,10,10,0.559495903210678,0.559495903210678,0.559495903210678
116,10,10,0.6346149533450728,0.6346149533450728,0.6346149533450728
117,10,10,0.2666704024428297,0.2666704024428297,0.2666704024428297
118,10,10,0.589373794292139,0.5893737942921392,0.801078247838578
119,10,10,0.487132438285394,0.487132438285394,0.487132438285394
120,10,10,0.4845113562189055,0.4845113562189055,0.6750647825901861
121,10,10,0.34720128735779626,0.34720128735779626,0.3888802300395172
122,10,10,0.5504715337684489,0.5504715337684489,0.5504715337684489
123,10,10,0.49160632677005733,0.49160632677005733,0.49160632677005733
124,10,10,0.3249300713300943,0.3249300713300943,0.3249300713300943
125,10,10,0.3989624261776302,0.39896242617763017,0.39896242617763017
126,10,10,0.5161112346144813,0.5161112346144813,0.6462887035551805
127,10,10,0.5331751897703452,0.5331751897703453,0.5331751897703453
128,10,10,0.40627029640674567,0.40627029640674567,0.40627029640674567
129,10,10,0.5652007151945414,0.5652007151945414,0.5652007151945414
130,10,10,0.4729684950251374,0.4729684950251374,0.4729684950251374
131,10,10,0.3363044463429671,0.3363044463429671,0.3363044463429671
132,10,10,0.34006248312593085,0.3400624831259309,0.3872260288568248
133,10,10,0.1761158944778814,0.1761158944778814,0.1761158944778814
134,10,10,0.5331176171029632,0.5331176171029633,0.5331176171029633
135,10,10,0.6922849609071878,0.6922849609071878,0.6922849609071878
136,10,10,0.655905799912563,0.655905799912563,0.655905799912563
137,10,10,0.4472368754706791,0.4472368754706791,0.4472368754706791
138,10,10,0.3213753956198316,0.3342336811000481,0.34339851463409604
139,10,10,0.5265725556490084,0.5265725556490084,0.5265725556490084
140,10,10,0.5546577840115565,0.5546577840115565,0.5546577840115565
141,10,10,0.5323385141211736,0.5323385141211736,0.5323385141211736
142,10,10,0.3054873823646766,0.30548738236467665,0.30548738236467665
143,10,10,0.40878710220386855,0.4087871022038685,0.4087871022038685
144,10,10,0.6682900024936911,0.6682900024936911,0.6682900024936911
145,10,10,0.34024781180511543,0.34024781180511543,0.34024781180511543
146,10,10,0.6642373761368955,0.6642373761368954,0.6642373761368954
147,10,10,0.5684040259615657,0.5684040259615657,0.5731825659372616
148,10,10,0.6525755594269307,0.6525755594269308,0.6525755594269308
149,10,10,0.6632329927822247,0.6632329927822247,0.6632329927822247
150,10,10,0.6037776951548138,0.6037776951548138,0.6037776951548138
151,10,10,0.6606290979907841,0.6606290979907842,0.6606290979907842
152,10,10,0.5549781078841707,0.5549781078841707,0.5549781078841707
153,10,10,0.4538575314236981,0.48886198339693987,0.564801662448447
154,10,10,0.6090100361771473,0.6090100361771473,0.6090100361771473
155,10,10,0.34825001681989326,0.3482500168198933,0.3482500168198933
156,10,10,0.2685038130011223,0.2685038130011223,0.2685038130011223
157,10,10,0.7289051435704313,0.736964517050102,0.7745694823691865
158,10,10,0.7811759988576386,0.7811759988576384,0.7811759988576384
159,10,10,0.40431074227314956,0.4043107422731496,0.4043107422731496
160,10,10,0.49433328779768587,0.4943332877976859,0.4943332877976859
161,10,10,0.3423569880809715,0.3423569880809715,0.3423569880809715
162,10,10,0.38817325614348663,0.3981180350684168,0.6875266568361295
163,10,10,0.46314080039742833,0.4864604612112975,0.6110365711383532
164,10,10,0.5750432784044359,0.5750432784044358,0.5750432784044358
165,10,10,0.39146515543015925,0.39146515543015925,0.39146515543015925
166,10,10,0.5369724587498506,0.5369724587498506,0.5369724587498506
167,10,10,0.5899389038172135,0.5899389038172135,0.5899389038172135
168,10,10,0.41487600286335036,0.41487600286335036,0.41487600286335036
169,10,10,0.6789571247632455,0.6789571247632455,0.6789571247632455
170,10,10,0.47981256043703346,0.47981256043703346,0.47981256043703346
171,10,10,0.31853814809954273,0.31853814809954273,0.31853814809954273
172,10,10,0.5456823645755722,0.5456823645755722,0.5456823645755722
173,10,10,0.46937468338250793,0.4693746833825079,0.4693746833825079
174,10,10,0.4366243001729808,0.43662430017298093,0.43662430017298093
175,10,10,0.4206192643767889,0.4206192643767889,0.4206192643767889
176,10,10,0.3641850532460206,0.3641850532460206,0.3641850532460206
177,10,10,0.5810987401883212,0.5810987401883212,0.5810987401883212
178,10,10,0.26367939587913175,0.26367939587913175,0.26367939587913175
179,10,10,0.4371692359428633,0.43716923594286317,0.5143048360929505
180,10,10,0.6333946732883257,0.6333946732883258,0.6333946732883258
181,10,10,0.4890388281255151,0.4890388281255151,0.4890388281255151
182,10,10,0.2178712010147565,0.21787120101475652,0.21787120101475652
183,10,10,0.393112778642398,0.393112778642398,0.393112778642398
184,10,10,0.373504678131497,0.373504678131497,0.373504678131497
185,10,10,0.45134559191738927,0.4513455919173893,0.4513455919173893
186,10,10,0.6851302348347802,0.6851302348347801,0.6851302348347801
187,10,10,0.38653920033168343,0.38653920033168343,0.38653920033168343
188,10,10,0.7607712488984343,0.7607712488984343,0.7607712488984343
189,10,10,0.5498713746016984,0.5498713746016985,0.5498713746016985
190,10,10,0.6734010729695359,0.6734010729695359,0.6734010729695359
191,10,10,0.7323740411776333,0.7323740411776334,0.7323740411776334
192,10,10,0.35719400913646693,0.357194009136467,0.357194009136467
193,10,10,0.3785716002842172,0.3785716002842172,0.3785716002842172
194,10,10,0.3373771932592942,0.3373771932592943,0.3373771932592943
195,10,10,0.655054972196358,0.6550549721963581,0.6550549721963581
196,10,10,0.5002352739986884,0.5002352739986883,0.5002352739986883
197,10,10,0.2782285062814307,0.27822850628143075,0.33570707636200187
198,10,10,0.7044839523576172,0.7339919906937103,0.7438361481284528
199,10,10,0.46424230845836967,0.46713111010252073,0.5644104536246464
200,10,10,0.6395707854741052,0.6395707854741051,0.6395707854741051
201,10,10,0.2951757945520336,0.29517579455203363,0.29517579455203363
202,10,10,0.3879510650300091,0.3879510650300091,0.3879510650300091
203,10,10,0.4699548309905351,0.46995483099053503,0.46995483099053503
204,10,10,0.45652269045168026,0.4565226904516802,0.4565226904516802
205,10,10,0.4982813398375403,0.4982813398375403,0.4982813398375403
206,10,10,0.6753894037133148,0.6753894037133147,0.6753894037133147
207,10,10,0.5251513237127365,0.5559070568220799,0.5559070568220799
208,10,10,0.5224580458357952,0.5224580458357952,0.5224580458357952
209,10,10,0.3638217756593237,0.3638217756593237,0.3638217756593237
210,10,10,0.3775255006045112,0.3775255006045112,0.3775255006045112
211,10,10,0.5885549071258596,0.5885549071258596,0.5885549071258596
212,10,10,0.7094146337276751,0.7094146337276749,0.7094146337276749
213,10,10,0.2804647933124165,0.28046479331241647,0.28046479331241647
214,10,10,0.13064770308639584,0.1306477030863958,0.1306477030863958
215,10,10,0.3407185218093709,0.3407185218093709,0.3407185218093709
216,10,10,0.3095823999825466,0.30958239998254655,0.30958239998254655
217,10,10,0.7727412762575554,0.7727412762575555,0.7727412762575555
218,10,10,0.6522617749371669,0.6522617749371669,0.6522617749371669
219,10,10,0.24445738556703492,0.2444573855670349,0.2444573855670349
220,10,10,0.4183974471521452,0.4183974471521451,0.4183974471521451
221,10,10,0.5538999971592636,0.5538999971592636,0.5538999971592636
222,10,10,0.6686140416516659,0.6686140416516659,0.6686140416516659
223,10,10,0.5634524935707005,0.5634524935707005,0.5634524935707005
224,10,10,0.4346069942555072,0.43460699425550714,0.43460699425550714
225,10,10,0.34315736294419763,0.34315736294419763,0.34315736294419763
226,10,10,0.4392340666162268,0.45685498548040065,0.5411692118938873
227,10,10,0.3707305508083915,0.3707305508083915,0.3707305508083915
228,10,10,0.45137178679274387,0.45137178679274387,0.45137178679274387
229,10,10,0.261020027869434,0.261020027869434,0.261020027869434
230,10,10,0.33458343011338654,0.33458343011338654,0.33458343011338654
231,10,10,0.35151448145244363,0.35151448145244363,0.35151448145244363
232,10,10,0.6677560163832887,0.6677560163832889,0.6677560163832889
233,10,10,0.6869490719264276,0.6869490719264276,0.6869490719264276
234,10,10,0.48173446156235367,0.48173446156235356,0.48173446156235356
235,10,10,0.5793273298091487,0.5793273298091488,0.5793273298091488
236,10,10,0.5261761682450756,0.5261761682450756,0.5261761682450756
237,10,10,0.28585360825862444,0.28585360825862444,0.4160857809426347
238,10,10,0.7478093419896221,0.747809341989622,0.747809341989622
239,10,10,0.27835865817359956,0.2783586581735996,0.2783586581735996
240,10,10,0.5266660880005904,0.5266660880005904,0.5266660880005904
241,10,10,0.6146313601790718,0.6146313601790718,0.6146313601790718
242,10,10,0.49527574960996845,0.4952757496099684,0.4952757496099684
243,10,10,0.6421795001878828,0.6421795001878828,0.6421795001878828
244,10,10,0.6885155106875623,0.6885155106875623,0.6885155106875623
245,10,10,0.627337633642254,0.6300091634882352,0.6573009747649258
246,10,10,0.5029883973909619,0.5029883973909619,0.5029883973909619
247,10,10,0.5427538910100733,0.5427538910100733,0.5427538910100733
248,10,10,0.7547342784470256,0.7547342784470256,0.7547342784470256
249,10,10,0.49987707250455327,0.4998770725045532,0.4998770725045532
250,10,10,0.5488378627770387,0.5488378627770387,0.5488378627770387
251,10,10,0.5126637955776879,0.5126637955776879,0.5126637955776879
252,10,10,0.4832217489464303,0.4832217489464303,0.4832217489464303
253,10,10,0.47215838637486146,0.4721583863748614,0.4721583863748614
254,10,10,0.47756811609661176,0.4775681160966118,0.4775681160966118
255,10,10,0.369097696461682,0.369097696461682,0.369097696461682
256,10,10,0.5290360382199086,0.5290360382199086,0.5290360382199086
257,10,10,0.24836712235859257,0.2483671223585926,0.2483671223585926
258,10,10,0.6428704797219509,0.6428704797219511,0.6428704797219511
259,10,10,0.71557604392819,0.71557604392819,0.71557604392819
260,10,10,0.5485370520587,0.5485370520587001,0.5485370520587001
261,10,10,0.443120311816681,0.443120311816681,0.443120311816681
262,10,10,0.5096062968479208,0.5096062968479207,0.5096062968479207
263,10,10,0.5302690783199933,0.5302690783199934,0.5302690783199934
264,10,10,0.5947932341994249,0.5952925581406142,0.600131435241335
265,10,10,0.6435021963242743,0.6435021963242743,0.6435021963242743
266,10,10,0.4232703618461351,0.4232703618461351,0.4232703618461351
267,10,10,0.416610820630121,0.416610820630121,0.416610820630121
268,10,10,0.5985655976600964,0.5985655976600964,0.5985655976600964
269,10,10,0.5134632705132357,0.5134632705132357,0.5134632705132357
270,10,10,0.5450142045549934,0.5450142045549935,0.5450142045549935
271,10,10,0.48593631262294135,0.4859363126229414,0.4859363126229414
272,10,10,0.7030075211831904,0.7030075211831905,0.7030075211831905
273,10,10,0.5703720048186846,0.5703720048186844,0.5703720048186844
274,10,10,0.5916015989055197,0.5916015989055197,0.5916015989055197
275,10,10,0.3553842267131208,0.3553842267131208,0.3553842267131208
276,10,10,0.6022733613100222,0.6022733613100222,0.6022733613100222
277,10,10,0.5048731977752653,0.5048731977752653,0.5048731977752653
278,10,10,0.8343889012141847,0.8343889012141847,0.8343889012141847
279,10,10,0.5662934737218064,0.5662934737218065,0.5662934737218065
280,10,10,0.1725928893663516,0.1725928893663516,0.1725928893663516
281,10,10,0.514745772086416,0.514745772086416,0.514745772086416
282,10,10,0.3997378451150283,0.3997378451150283,0.3997378451150283
283,10,10,0.3245397969085265,0.3245397969085265,0.3245397969085265
284,10,10,0.3096401751878374,0.3096401751878374,0.3096401751878374
285,10,10,0.7993980118733381,0.7993980118733381,0.8009240176361444
286,10,10,0.7321180928387565,0.7321180928387565,0.7321180928387565
287,10,10,0.5789391687761065,0.5789391687761065,0.5789391687761065
288,10,10,0.584319471465492,0.584319471465492,0.584319471465492
289,10,10,0.5174101610551386,0.5328948482200203,0.5328948482200203
290,10,10,0.7362616340059571,0.7567512995672276,0.8951530649512579
291,10,10,0.3493100515751322,0.3493100515751322,0.5487866341004662
292,10,10,0.6143917994366679,0.6143917994366678,0.6143917994366678
293,10,10,0.26814252782109127,0.26814252782109127,0.26814252782109127
294,10,10,0.2983526599167422,0.3131349636993036,0.42529497746841505
295,10,10,0.5048860934303512,0.5048860934303512,0.5048860934303512
296,10,10,0.5053031732150074,0.5053031732150074,0.5053031732150074
297,10,10,0.7314171903929682,0.731417190392968,0.731417190392968
298,10,10,0.44830777470399896,0.44830777470399896,0.44830777470399896
299,10,10,0.6593108473988212,0.6593108473988212,0.6593108473988212
300,10,10,0.31214164933199473,0.31214164933199473,0.45586035020269733
301,10,10,0.6457242528121867,0.6457242528121867,0.6457242528121867
302,10,10,0.5259813745591477,0.5259813745591478,0.5259813745591478
303,10,10,0.6122292441909872,0.6122292441909872,0.6122292441909872
304,10,10,0.2168804701344235,0.2168804701344235,0.2168804701344235
305,10,10,0.4521145147049019,0.4521145147049019,0.4521145147049019
306,10,10,0.46100493015323407,0.46100493015323407,0.46100493015323407
307,10,10,0.4335205307603041,0.43352053076030406,0.43352053076030406
308,10,10,0.6947651783839173,0.6947651783839173,0.6947651783839173
309,10,10,0.6203208992521401,0.6203208992521402,0.6203208992521402
310,10,10,0.6151412516911514,0.6151412516911514,0.6151412516911514
311,10,10,0.41691286555541557,0.4169128655554155,0.4169128655554155
312,10,10,0.40167883609907534,0.40167883609907534,0.40167883609907534
313,10,10,0.44647595786997146,0.4464759578699714,0.4464759578699714
314,10,10,0.2562863003579649,0.2562863003579649,0.2562863003579649
315,10,10,0.7442343766510415,0.7442343766510415,0.7442343766510415
316,10,10,0.4292435232222349,0.4292435232222349,0.4292435232222349
317,10,10,0.6617469386131174,0.6617469386131173,0.6617469386131173
318,10,10,0.4752373549091491,0.4896875244604918,0.9475993888147527
319,10,10,0.7075272846997648,0.7075272846997648,0.7075272846997648
320,10,10,0.5348575152253039,0.5348575152253039,0.5348575152253039
321,10,10,0.5779289000113572,0.5779289000113571,0.5779289000113571
322,10,10,0.3497747263370427,0.34977472633704276,0.34977472633704276
323,10,10,0.47379924072417584,0.4737992407241759,0.4737992407241759
324,10,10,0.4797424661204627,0.4797424661204627,0.4797424661204627
325,10,10,0.6014670019946037,0.6014670019946037,0.6014670019946037
326,10,10,0.4052561600884649,0.41522864902428425,0.41522864902428425
327,10,10,0.45139502259837794,0.45139502259837794,0.45139502259837794
328,10,10,0.33500883605674914,0.3350088360567491,0.3350088360567491
329,10,10,0.4226996399445958,0.42269963994459575,0.42269963994459575
330,10,10,0.39707337755125377,0.39707337755125377,0.39707337755125377
331,10,10,0.7997166756906648,0.799716675690665,0.799716675690665
332,10,10,0.3780319337599731,0.37803193375997307,0.37803193375997307
333,10,10,0.4619593920903018,0.47005600623213084,0.5413924100424863
334,10,10,0.4158524387414225,0.4158524387414226,0.4158524387414226
335,10,10,0.7373733085332479,0.7373733085332479,0.7373733085332479
336,10,10,0.381566914955641,0.38156691495564105,0.38156691495564105
337,10,10,0.6301160772174923,0.6301160772174924,0.6301160772174924
338,10,10,0.6790701288033014,0.6790701288033014,0.6790701288033014
339,10,10,0.5101093664914309,0.5101093664914309,0.5101093664914309
340,10,10,0.4885681623120571,0.48856816231205713,0.48856816231205713
341,10,10,0.8058437547944586,0.8341699437846147,0.8341699437846147
342,10,10,0.5936937521196299,0.5936937521196299,0.5936937521196299
343,10,10,0.537418393138154,0.537418393138154,0.537418393138154
344,10,10,0.42518690360731354,0.4251869036073136,0.4251869036073136
345,10,10,0.48450052794402376,0.48450052794402376,0.5393074554037582
346,10,10,0.500610395500478,0.500610395500478,0.500610395500478
347,10,10,0.2760239019548072,0.2863635406485829,0.2863635406485829
348,10,10,0.4754939435391993,0.47549394353919927,0.47549394353919927
349,10,10,0.8011104904728639,0.8011104904728639,0.8011104904728639
350,10,10,0.4734337951053436,0.47343379510534356,0.47343379510534356
351,10,10,0.5294101836901667,0.5294101836901668,0.5728221814041788
352,10,10,0.5632818552798107,0.5632818552798107,0.5632818552798107
353,10,10,0.4848141526677684,0.4848141526677684,0.4848141526677684
354,10,10,0.3921838285693122,0.3921838285693122,0.3921838285693122
355,10,10,0.753033601239754,0.753033601239754,0.753033601239754
356,10,10,0.6399026154053692,0.6399026154053693,0.6399026154053693
357,10,10,0.8158596657826576,0.8158596657826575,0.8158596657826575
358,10,10,0.2629289755526291,0.2629289755526292,0.2629289755526292
359,10,10,0.7032666910452496,0.7032666910452496,0.7032666910452496
360,10,10,0.5931959002446429,0.5931959002446429,0.5931959002446429
361,10,10,0.4417151294778025,0.4417151294778025,0.4417151294778025
362,10,10,0.48761169282428063,0.48761169282428063,0.48761169282428063
363,10,10,0.3865683477414057,0.3865683477414057,0.3865683477414057
364,10,10,0.677461150038467,0.6774611500384671,0.6774611500384671
365,10,10,0.3624384621719331,0.3624384621719331,0.3624384621719331
366,10,10,0.28474067500827915,0.28474067500827915,0.28474067500827915
367,10,10,0.3647069272969948,0.3647069272969948,0.3647069272969948
368,10,10,0.6013799634468412,0.6013799634468412,0.6013799634468412
369,10,10,0.27185942487807413,0.27185942487807413,0.27185942487807413
370,10,10,0.7785445110485271,0.7785445110485272,0.7785445110485272
371,10,10,0.5303317320190029,0.5303317320190029,0.5303317320190029
372,10,10,0.48763188453851175,0.48763188453851175,0.48763188453851175
373,10,10,0.5666504139860664,0.5666504139860664,0.5666504139860664
374,10,10,0.6197514128591259,0.6197514128591259,0.6197514128591259
375,10,10,0.3549967013590249,0.3549967013590249,0.3549967013590249
376,10,10,0.6391658208795298,0.6391658208795298,0.6894530381428571
377,10,10,0.5130011455708019,0.5130011455708019,0.522350623755195
378,10,10,0.3486937261767199,0.3486937261767199,0.3486937261767199
379,10,10,0.5822699928573769,0.5822699928573768,0.5822699928573768
380,10,10,0.37514817638188436,0.37514817638188436,0.6280626148388
381,10,10,0.6747522323458782,0.6747522323458782,0.6747522323458782
382,10,10,0.7388585310777198,0.7388585310777198,0.7388585310777198
383,10,10,0.5036314813905329,0.5036314813905329,0.5036314813905329
384,10,10,0.32989505330425795,0.3339282418045561,0.33822537420171506
385,10,10,0.4849822646580829,0.4849822646580829,0.4849822646580829
386,10,10,0.3464328050511508,0.3464328050511508,0.40029365306881504
387,10,10,0.5495533833235553,0.5495533833235553,0.5495533833235553
388,10,10,0.7090644014272428,0.7090644014272427,0.7090644014272427
389,10,10,0.4202409277801969,0.4202409277801969,0.4202409277801969
390,10,10,0.5837838239520805,0.5837838239520805,0.5837838239520805
391,10,10,0.783694348109411,0.7836943481094109,0.7836943481094109
392,10,10,0.5502706945741521,0.5502706945741521,0.5502706945741521
393,10,10,0.5983967957056654,0.5983967957056654,0.5983967957056654
394,10,10,0.5515454655807869,0.5515454655807869,0.5515454655807869
395,10,10,0.3415324279924332,0.3415324279924333,0.3415324279924333
396,10,10,0.5788659656974577,0.5788659656974577,0.5788659656974577
397,10,10,0.7919308362581322,0.791930836258132,0.791930836258132
398,10,10,0.43875718834402644,0.44713749911529066,0.45819058256194195
399,10,10,0.618583332359053,0.6185833323590529,0.6185833323590529
400,10,10,0.3296690428891095,0.3296690428891095,0.3296690428891095
401,10,10,0.6129530182309618,0.6129530182309618,0.6129530182309618
402,10,10,0.7011407176004818,0.7011407176004817,0.7011407176004817
403,10,10,0.5483505240046139,0.5483505240046139,0.5483505240046139
404,10,10,0.7175610354683566,0.7175610354683566,0.7175610354683566
405,10,10,0.5242486240856562,0.5242486240856561,0.5242486240856561
406,10,10,0.6542292441580235,0.6542292441580235,0.6542292441580235
407,10,10,0.7336507275575408,0.7336507275575408,0.7336507275575408
408,10,10,0.5593366680585143,0.5593366680585143,0.5593366680585143
409,10,10,0.659685697623674,0.659685697623674,0.659685697623674
410,10,10,0.47278762425960474,0.47278762425960474,0.47278762425960474
411,10,10,0.7309536396149177,0.7309536396149178,0.7309536396149178
412,10,10,0.5250454966212922,0.5250454966212923,0.5250454966212923
413,10,10,0.5451006015404987,0.5451006015404987,0.5451006015404987
414,10,10,0.5011491547278628,0.5011491547278628,0.5011491547278628
415,10,10,0.45496102236468877,0.45496102236468877,0.45496102236468877
416,10,10,0.5789517955774507,0.5789517955774508,0.5789517955774508
417,10,10,0.7102854783923177,0.7102854783923178,0.7102854783923178
418,10,10,0.3189872319372825,0.3189872319372825,0.3189872319372825
419,10,10,0.8951128440135003,0.8951128440135003,0.8951128440135003
420,10,10,0.6743883314346472,0.6743883314346473,0.6743883314346473
421,10,10,0.443092678818081,0.443092678818081,0.443092678818081
422,10,10,0.40422789786815055,0.4042278978681506,0.4042278978681506
423,10,10,0.3747753094541609,0.3747753094541608,0.3747753094541608
424,10,10,0.7343332173442317,0.7343332173442317,0.7343332173442317
425,10,10,0.6398735322004719,0.6398735322004719,0.6398735322004719
426,10,10,0.3863473997259754,0.3863473997259754,0.3863473997259754
427,10,10,0.524444103781874,0.5244441037818739,0.5244441037818739
428,10,10,0.539359528072442,0.5393595280724419,0.5393595280724419
429,10,10,0.6003855525262827,0.6003855525262827,0.6003855525262827
430,10,10,0.5988900307521167,0.5988900307521167,0.5988900307521167
431,10,10,0.7210203149688732,0.7210203149688732,0.7210203149688732
432,10,10,0.214640893517564,0.214640893517564,0.214640893517564
433,10,10,0.7046488873601512,0.7046488873601512,0.7046488873601512
434,10,10,0.6109264022218182,0.6109264022218182,0.6109264022218182
435,10,10,0.5406249615776841,0.5406249615776841,0.5406249615776841
436,10,10,0.44978590047264944,0.44978590047264944,0.44978590047264944
437,10,10,0.7361968604280209,0.7361968604280209,0.7361968604280209
438,10,10,0.5048350241754231,0.504835024175423,0.504835024175423
439,10,10,0.7693981969605714,0.7693981969605714,0.7693981969605714
440,10,10,0.5991890980826093,0.5991890980826095,0.5991890980826095
441,10,10,0.4257290112421698,0.4474038928382612,0.44740389283826126
442,10,10,0.31529377894575766,0.3152937789457577,0.3152937789457577
443,10,10,0.4449506703024963,0.4449506703024963,0.4449506703024963
444,10,10,0.360089457968493,0.360089457968493,0.360089457968493
445,10,10,0.4697118175599478,0.4697118175599478,0.4697118175599478
446,10,10,0.4087829087846417,0.40878290878464163,0.40878290878464163
447,10,10,0.2680783376415509,0.2680783376415509,0.2680783376415509
448,10,10,0.14806256584772448,0.14806256584772448,0.14806256584772448
449,10,10,0.7261187034767547,0.7261187034767547,0.7261187034767547
450,10,10,0.3858513151283554,0.3858513151283554,0.3858513151283554
451,10,10,0.6199272599286497,0.6199272599286497,0.6199272599286497
452,10,10,0.4527567453322202,0.45275674533222027,0.45275674533222027
453,10,10,0.6015819522082502,0.6015819522082502,0.6015819522082502
454,10,10,0.5004384964222871,0.5004384964222871,0.5004384964222871
455,10,10,0.5818932290273062,0.5818932290273061,0.5818932290273061
456,10,10,0.6956052743506638,0.6956052743506639,0.6956052743506639
457,10,10,0.47421176876203985,0.4742117687620398,0.4742117687620398
458,10,10,0.6261300670504361,0.6261300670504362,0.6261300670504362
459,10,10,0.6593688914183052,0.6593688914183052,0.6593688914183052
460,10,10,0.6705881344496687,0.6705881344496686,0.6705881344496686
461,10,10,0.3916492539536385,0.3916492539536385,0.3916492539536385
462,10,10,0.4616586497437983,0.4616586497437982,0.4616586497437982
463,10,10,0.3097590847076562,0.3097590847076562,0.3097590847076562
464,10,10,0.4814352391499377,0.4814352391499377,0.4814352391499377
465,10,10,0.37618182265883887,0.3761818226588388,0.3761818226588388
466,10,10,0.7350037193624512,0.7534020714177344,0.7534020714177344
467,10,10,0.47326330758224655,0.47326330758224655,0.47326330758224655
468,10,10,0.47252522303900757,0.47252522303900757,0.47252522303900757
469,10,10,0.6623613435502287,0.6623613435502288,0.6623613435502288
470,10,10,0.12050418858447037,0.12050418858447037,0.12050418858447037
471,10,10,0.4127105879429611,0.4127105879429611,0.4127105879429611
472,10,10,0.3930401593211804,0.3930401593211804,0.3930401593211804
473,10,10,0.5163949899096195,0.5163949899096195,0.5163949899096195
474,10,10,0.7138124129574048,0.7138124129574047,0.7138124129574047
475,10,10,0.4215216488714443,0.4215216488714443,0.4215216488714443
476,10,10,0.41086342666825715,0.41086342666825715,0.5099983558679493
477,10,10,0.5917399286162109,0.5917399286162109,0.5917399286162109
478,10,10,0.36773200612295726,0.36773200612295726,0.36773200612295726
479,10,10,0.5502324483170588,0.5502324483170588,0.5502324483170588
480,10,10,0.411301779383927,0.41130177938392704,0.41130177938392704
481,10,10,0.6500724038492876,0.6500724038492876,0.6500724038492876
482,10,10,0.5109638146326857,0.5109638146326858,0.5109638146326858
483,10,10,0.4698340631070132,0.46983406310701326,0.46983406310701326
484,10,10,0.45802751480245013,0.4580275148024502,0.4580275148024502
485,10,10,0.40163760709367297,0.401637607093673,0.401637607093673
486,10,10,0.5972357693237165,0.5972357693237164,0.5972357693237164
487,10,10,0.1561835351360279,0.1561835351360279,0.3205386909297119
488,10,10,0.21580591888419914,0.21580591888419914,0.21580591888419914
489,10,10,0.547488707142451,0.547488707142451,0.547488707142451
490,10,10,0.49177072077051914,0.49177072077051914,0.49177072077051914
491,10,10,0.7929722411053661,0.7929722411053661,0.7929722411053661
492,10,10,0.32383708539138534,0.32383708539138534,0.32383708539138534
493,10,10,0.4826502485688839,0.48265024856888394,0.48265024856888394
494,10,10,0.5709942378053529,0.570994237805353,0.570994237805353
495,10,10,0.5633435352688756,0.5633435352688756,0.5633435352688756
496,10,10,0.7876212504092773,0.7876212504092773,0.7876212504092773
497,10,10,0.295231370654851,0.31835454118327206,0.35134068254858364
498,10,10,0.6971570000780738,0.6971570000780737,0.6971570000780737
499,10,10,0.6857361466607331,0.6857361466607331,0.6857361466607331
500,10,10,0.5745519523139203,0.5745519523139204,0.5745519523139204
501,10,10,0.2585420879461745,0.2585420879461745,0.2585420879461745
502,10,10,0.525512669806112,0.525512669806112,0.525512669806112
503,10,10,0.4601164025005445,0.4715496873520306,0.4715496873520306
504,10,10,0.4176670328340542,0.4176670328340542,0.4176670328340542
505,10,10,0.44080339657462136,0.4408033965746214,0.4408033965746214
506,10,10,0.304247000460543,0.3042470004605429,0.3042470004605429
507,10,10,0.6387238142691044,0.6387238142691045,0.6387238142691045
508,10,10,0.5328615123079835,0.5328615123079835,0.5328615123079835
509,10,10,0.3056245224454926,0.30562452244549254,0.30562452244549254
510,10,10,0.3248220536143353,0.32482205361433525,0.32482205361433525
511,10,10,0.6706181433236675,0.6781734652724377,0.6781734652724377
512,10,10,0.5849583182488552,0.5849583182488552,0.5849583182488552
513,10,10,0.7984096953731247,0.7984096953731248,0.7984096953731248
514,10,10,0.4587189995963767,0.45871899959637663,0.45871899959637663
515,10,10,0.5875649227589479,0.5875649227589479,0.5875649227589479
516,10,10,0.15255773547180865,0.1635787401995868,0.20743447334570003
517,10,10,0.5363390093918354,0.5363390093918354,0.5363390093918354
518,10,10,0.6599202394410761,0.6599202394410761,0.6599202394410761
519,10,10,0.5768639403714829,0.5768639403714829,0.5768639403714829
520,10,10,0.6845374689462024,0.6845374689462024,0.6845374689462024
521,10,10,0.6013937731509323,0.6013937731509325,0.6013937731509325
522,10,10,0.4365836897805706,0.43658368978057066,0.43658368978057066
523,10,10,0.49799161569087863,0.49799161569087863,0.49799161569087863
524,10,10,0.6802688277922032,0.6802688277922032,0.6802688277922032
525,10,10,0.2843020591737459,0.28430205917374596,0.28430205917374596
526,10,10,0.5552962260799774,0.5552962260799774,0.5552962260799774
527,10,10,0.516136465206687,0.5161364652066871,0.5161364652066871
528,10,10,0.697609152765923,0.697609152765923,0.697609152765923
529,10,10,0.8293740449525604,0.8293740449525605,0.8293740449525605
530,10,10,0.5054922131922572,0.5054922131922572,0.5054922131922572
531,10,10,0.3866892409947919,0.3866892409947919,0.3866892409947919
532,10,10,0.31352923265446103,0.31352923265446103,0.31352923265446103
533,10,10,0.47765166734964304,0.47765166734964304,0.47765166734964304
534,10,10,0.6525816036255334,0.6525816036255334,0.6525816036255334
535,10,10,0.40689220010742744,0.40689220010742744,0.501602078309352
536,10,10,0.47030379612304396,0.4877546620059383,0.5384922938346651
537,10,10,0.44754413868181075,0.4475441386818107,0.4478614659555673
538,10,10,0.47537396439333834,0.47537396439333834,0.47537396439333834
539,10,10,0.6490574238917057,0.6490574238917057,0.6490574238917057
540,10,10,0.6294700385883485,0.6294700385883485,0.6294700385883485
541,10,10,0.34203717227137914,0.34203717227137914,0.34203717227137914
542,10,10,0.5945438616310064,0.5945438616310064,0.5945438616310064
543,10,10,0.3405387976745761,0.3405387976745761,0.3405387976745761
544,10,10,0.26194883888313913,0.2630932417638175,0.2645296534936413
545,10,10,0.5832221006458639,0.5832221006458639,0.5832221006458639
546,10,10,0.665181093612216,0.665181093612216,0.665181093612216
547,10,10,0.37948043155484534,0.37948043155484534,0.37948043155484534
548,10,10,0.3320324924049188,0.3320324924049188,0.3320324924049188
549,10,10,0.3799833431291102,0.3799833431291101,0.3799833431291101
550,10,10,0.37381827433320536,0.37381827433320536,0.37791794897265374
551,10,10,0.2907882396296464,0.29360485360847266,0.34498616846367214
552,10,10,0.22055643581800682,0.22055643581800682,0.22055643581800682
553,10,10,0.8687667832022365,0.8687667832022365,0.8687667832022365
554,10,10,0.2265057380323319,0.22650573803233193,0.22650573803233193
555,10,10,0.5163177368336336,0.5163177368336336,0.5163177368336336
556,10,10,0.5780106293411402,0.5780106293411401,0.5780106293411401
557,10,10,0.2801631032236606,0.28611772740911967,0.28611772740911967
558,10,10,0.3342164875565908,0.33421648755659084,0.33421648755659084
559,10,10,0.5930886742573818,0.5930886742573818,0.5930886742573818
560,10,10,0.4084103400997447,0.40841034009974475,0.40841034009974475
561,10,10,0.3338200921581645,0.33382009215816455,0.33382009215816455
562,10,10,0.6617563207752946,0.6617563207752946,0.6617563207752946
563,10,10,0.5422073309282457,0.5422073309282456,0.5422073309282456
564,10,10,0.4234914940711059,0.4234914940711059,0.4234914940711059
565,10,10,0.22315310643098152,0.22315310643098155,0.22315310643098155
566,10,10,0.2663006305906721,0.2663006305906721,0.2663006305906721
567,10,10,0.5830610086514545,0.5830610086514546,0.5830610086514546
568,10,10,0.5304949252091189,0.5304949252091189,0.5304949252091189
569,10,10,0.6647154546220518,0.6687351163500878,0.6687351163500878
570,10,10,0.65217577157009,0.65217577157009,0.65217577157009
571,10,10,0.3219308239566498,0.32193082395664974,0.32193082395664974
572,10,10,0.5406230948266311,0.5406230948266311,0.5406230948266311
573,10,10,0.5792388440883302,0.5792388440883303,0.5792388440883303
574,10,10,0.40864691531989367,0.40864691531989367,0.40864691531989367
575,10,10,0.4276352952712727,0.42763529527127264,0.42763529527127264
576,10,10,0.40232805859744014,0.4023280585974402,0.4023280585974402
577,10,10,0.7685970677042423,0.7685970677042424,0.7685970677042424
578,10,10,0.40754262370613803,0.49044345243678605,0.49044345243678605
579,10,10,0.6733408603676665,0.6733408603676665,0.6733408603676665
580,10,10,0.635807056476902,0.6358070564769019,0.6358070564769019
581,10,10,0.84007767209265,0.84007767209265,0.84007767209265
582,10,10,0.5248666230606887,0.5275128719222014,0.5359653664627941
583,10,10,0.3125704677185639,0.3125704677185639,0.3125704677185639
584,10,10,0.7807618980070422,0.7807618980070422,0.7807618980070422
585,10,10,0.5485125239729961,0.548512523972996,0.548512523972996
586,10,10,0.5024509831489785,0.5024509831489785,0.5024509831489785
587,10,10,0.26506369150667874,0.26506369150667874,0.26506369150667874
588,10,10,0.8896166943886821,0.8896166943886821,0.8896166943886821
589,10,10,0.3908605351223976,0.39086053512239766,0.3912656595310976
590,10,10,0.7606840480050782,0.7606840480050783,0.7606840480050783
591,10,10,0.6369832101935737,0.6372726263268846,0.6372726263268846
592,10,10,0.6907612488153718,0.6907612488153718,0.6907612488153718
593,10,10,0.3807587192250023,0.3923859355193513,0.5361768390405055
594,10,10,0.46578179954483523,0.46578179954483523,0.5390427026623883
595,10,10,0.5926817703976912,0.5926817703976912,0.5926817703976912
596,10,10,0.6323360205136285,0.6323360205136286,0.6323360205136286
597,10,10,0.557293686315344,0.5572936863153442,0.5572936863153442
598,10,10,0.525814492754474,0.525814492754474,0.525814492754474
599,10,10,0.3246310172201758,0.32463101722017573,0.32463101722017573
600,10,10,0.3295696347842681,0.3295696347842681,0.5507579430400651
601,10,10,0.3702069624756077,0.37020696247560775,0.3754743099864368
602,10,10,0.6712547570720028,0.6712547570720028,0.6712547570720028
603,10,10,0.5502938793629435,0.5502938793629435,0.5502938793629435
604,10,10,0.6505286681277577,0.6505286681277577,0.6505286681277577
605,10,10,0.5067073662134758,0.5067073662134758,0.5067073662134758
606,10,10,0.49402684591093315,0.5001945067158872,0.5001945067158872
607,10,10,0.548011086453529,0.6153516282938969,0.7801892532228897
608,10,10,0.61711304133378,0.61711304133378,0.61711304133378
609,10,10,0.5523179757146813,0.5523179757146813,0.5523179757146813
610,10,10,0.5465324908746858,0.5465324908746858,0.5465324908746858
611,10,10,0.7235324324883421,0.7235324324883421,0.7235324324883421
612,10,10,0.2628592612516264,0.26285926125162634,0.26285926125162634
613,10,10,0.6376650540241553,0.6376650540241553,0.6376650540241553
614,10,10,0.4783554147757244,0.4783554147757245,0.4783554147757245
615,10,10,0.4106828023912174,0.41068280239121746,0.41068280239121746
616,10,10,0.43961259479957937,0.4396125947995795,0.4396125947995795
617,10,10,0.7720865408353088,0.7720865408353088,0.7720865408353088
618,10,10,0.5556988921902961,0.5573260073136573,0.5643428939679553
619,10,10,0.6541786867006032,0.6541786867006031,0.6541786867006031
620,10,10,0.5275006511250571,0.5275006511250571,0.5275006511250571
621,10,10,0.563013268044502,0.563013268044502,0.563013268044502
622,10,10,0.38678639240292306,0.38678639240292306,0.38678639240292306
623,10,10,0.5954184473350925,0.5954184473350925,0.5954184473350925
624,10,10,0.40703949997069117,0.4070394999706911,0.4070394999706911
625,10,10,0.5587620317455858,0.5587620317455858,0.5587620317455858
626,10,10,0.47434382612223785,0.4743438261222378,0.4743438261222378
627,10,10,0.44214286881569154,0.4421428688156916,0.4421428688156916
628,10,10,0.45786705975775055,0.45868352772887155,0.5662761752797449
629,10,10,0.4839098785324244,0.48390987853242434,0.48390987853242434
630,10,10,0.24659240834583357,0.24659240834583357,0.24659240834583357
631,10,10,0.2662972547559698,0.2662972547559698,0.2817389530873299
632,10,10,0.47510943316177945,0.47510943316177945,0.573637927616615
633,10,10,0.28593488582597865,0.28593488582597865,0.28593488582597865
634,10,10,0.7066053841518172,0.7066053841518172,0.7066053841518172
635,10,10,0.5832795374305043,0.5832795374305042,0.5832795374305042
636,10,10,0.4526706057919508,0.45267060579195084,0.45267060579195084
637,10,10,0.44147662551060984,0.44147662551060984,0.44937471180837557
638,10,10,0.20429266050090314,0.24827941700233042,0.249694218391873
639,10,10,0.49760155455198873,0.49760155455198873,0.49760155455198873
640,10,10,0.4234725290413421,0.423472529041342,0.423472529041342
641,10,10,0.5575948465561219,0.5575948465561219,0.5575948465561219
642,10,10,0.3012550709312944,0.30125507093129444,0.30125507093129444
643,10,10,0.5203127797092657,0.5203127797092657,0.5203127797092657
644,10,10,0.423065289219167,0.423065289219167,0.423065289219167
645,10,10,0.5536525546220865,0.5536525546220865,0.5536525546220865
646,10,10,0.4974502100501099,0.4974502100501099,0.4974502100501099
647,10,10,0.6044640261904514,0.6044640261904514,0.6044640261904514
648,10,10,0.23819636775628467,0.2523074919810651,0.2523074919810651
649,10,10,0.5776499467139375,0.5776499467139375,0.5776499467139375
650,10,10,0.6337840388813957,0.6337840388813957,0.6337840388813957
651,10,10,0.223133412848819,0.223133412848819,0.223133412848819
652,10,10,0.3558764798086565,0.35587647980865644,0.35587647980865644
653,10,10,0.5637318839642715,0.5637318839642715,0.5637318839642715
654,10,10,0.733877056675439,0.733877056675439,0.733877056675439
655,10,10,0.41982901274265033,0.4198290127426503,0.4198290127426503
656,10,10,0.7971064013772114,0.7971064013772116,0.7971064013772116
657,10,10,0.6851814658663904,0.6851814658663904,0.6851814658663904
658,10,10,0.47209667235461084,0.47209667235461084,0.47209667235461084
659,10,10,0.8110365394792405,0.8110365394792403,0.8110365394792403
660,10,10,0.34379495510800134,0.34379495510800134,0.34379495510800134
661,10,10,0.4447270247913857,0.4447270247913857,0.4447270247913857
662,10,10,0.21987306141632204,0.21987306141632207,0.21987306141632207
663,10,10,0.5961579949509754,0.5961579949509754,0.5961579949509754
664,10,10,0.5543053222881944,0.5746975843609552,0.5746975843609552
665,10,10,0.5161555418872068,0.5161555418872068,0.5161555418872068
666,10,10,0.49913967307178114,0.4991396730717812,0.4991396730717812
667,10,10,0.7586374297350815,0.7586374297350815,0.7586374297350815
668,10,10,0.4360421608801816,0.4360421608801816,0.4360421608801816
669,10,10,0.6913278000261551,0.6913278000261551,0.6913278000261551
670,10,10,0.4841815686721818,0.48769497307185816,0.48769497307185816
671,10,10,0.4725036656240347,0.4725036656240346,0.4725036656240346
672,10,10,0.7592626847856808,0.7592626847856808,0.7592626847856808
673,10,10,0.24117719316116298,0.241177193161163,0.241177193161163
674,10,10,0.45409389819189844,0.4540938981918985,0.5542062344882749
675,10,10,0.5726958954077386,0.5726958954077386,0.5726958954077386
676,10,10,0.2985114633052994,0.2985114633052995,0.2985114633052995
677,10,10,0.2981391436411342,0.29813914364113414,0.29813914364113414
678,10,10,0.5894107630309897,0.5894107630309897,0.5894107630309897
679,10,10,0.5342422839073376,0.5342422839073376,0.5342422839073376
680,10,10,0.411144345036752,0.411144345036752,0.411144345036752
681,10,10,0.7920441155148927,0.7920441155148928,0.7920441155148928
682,10,10,0.47816273982379226,0.4781627398237922,0.4781627398237922
683,10,10,0.4315304121144264,0.464602857583953,0.4677337650217435
684,10,10,0.6692759422743405,0.6692759422743406,0.6692759422743406
685,10,10,0.4305128180685084,0.4305128180685084,0.4305128180685084
686,10,10,0.27332767066025077,0.2733276706602508,0.2733276706602508
687,10,10,0.5072366846961688,0.5072366846961688,0.5072366846961688
688,10,10,0.4116233698055336,0.4116233698055336,0.4116233698055336
689,10,10,0.6418003075892063,0.6418003075892064,0.6418003075892064
690,10,10,0.3760592830135783,0.3760592830135783,0.589705732967621
691,10,10,0.6280777007807641,0.6280777007807642,0.6280777007807642
692,10,10,0.5292089620202958,0.5292089620202957,0.5292089620202957
693,10,10,0.3687504067161623,0.3687504067161624,0.3687504067161624
694,10,10,0.6567763189586057,0.6567763189586056,0.6567763189586056
695,10,10,0.5839270769731659,0.5839270769731659,0.5839270769731659
696,10,10,0.4792677648333382,0.47926776483333816,0.47926776483333816
697,10,10,0.5828765967880322,0.5828765967880323,0.5828765967880323
698,10,10,0.4495946979705123,0.4495946979705123,0.4495946979705123
699,10,10,0.7883591228264006,0.7883591228264007,0.7883591228264007
700,10,10,0.42818937725349493,0.42818937725349493,0.42818937725349493
701,10,10,0.4082148807480296,0.4082148807480296,0.4082148807480296
702,10,10,0.667835703238795,0.6678357032387952,0.6678357032387952
703,10,10,0.6725505583172344,0.6725505583172345,0.6725505583172345
704,10,10,0.5987675667673135,0.5987675667673135,0.5987675667673135
705,10,10,0.4035535816927486,0.4035535816927486,0.4035535816927486
706,10,10,0.5736654336118712,0.5736654336118712,0.5736654336118712
707,10,10,0.5312732999727471,0.5312732999727471,0.5459248328795145
708,10,10,0.6190557892982947,0.6190557892982947,0.6190557892982947
709,10,10,0.5068019983609239,0.506801998360924,0.506801998360924
710,10,10,0.3741221178402936,0.3741221178402936,0.3832955681260254
711,10,10,0.44213107689875103,0.44213107689875103,0.44213107689875103
712,10,10,0.26261978488942683,0.2626197848894269,0.2626197848894269
713,10,10,0.362350327527682,0.3623503275276819,0.6011597602065939
714,10,10,0.3129168781825329,0.3129168781825329,0.3129168781825329
715,10,10,0.783026490977764,0.783026490977764,0.783026490977764
716,10,10,0.3582084245375158,0.3582084245375158,0.3582084245375158
717,10,10,0.5960731656320917,0.6896391348423836,0.6896391348423836
718,10,10,0.6776451392443542,0.6776451392443542,0.6776451392443542
719,10,10,0.5163127147436732,0.5163127147436732,0.5163127147436732
720,10,10,0.3208780272622179,0.320878027262218,0.320878027262218
721,10,10,0.5073933548350715,0.5073933548350715,0.5073933548350715
722,10,10,0.7883859904984134,0.7883859904984134,0.7883859904984134
723,10,10,0.4559737483245825,0.45597374832458243,0.45597374832458243
724,10,10,0.7618610573282569,0.7618610573282569,0.7618610573282569
725,10,10,0.3270542193008109,0.3270542193008109,0.3270542193008109
726,10,10,0.43312309096170076,0.43312309096170076,0.43312309096170076
727,10,10,0.6266834838269796,0.6266834838269796,0.6266834838269796
728,10,10,0.3614556687089796,0.36145566870897955,0.36145566870897955
729,10,10,0.6100488388347763,0.6100488388347763,0.6100488388347763
730,10,10,0.41189476808873915,0.41189476808873915,0.41189476808873915
731,10,10,0.35278540172133166,0.35278540172133166,0.35278540172133166
732,10,10,0.42327347480952504,0.4232734748095251,0.4232734748095251
733,10,10,0.6970868723815049,0.6978521959295657,0.7319269196047304
734,10,10,0.6529118544230095,0.6529118544230095,0.6529118544230095
735,10,10,0.34637401101841114,0.34637401101841114,0.41349434147599023
736,10,10,0.289763724640077,0.28976372464007694,0.28976372464007694
737,10,10,0.486102664795875,0.486102664795875,0.486102664795875
738,10,10,0.42135275877208994,0.4213527587720899,0.4213527587720899
739,10,10,0.37173359750849644,0.37173359750849644,0.37173359750849644
740,10,10,0.3762706645845569,0.37627066458455694,0.37627066458455694
741,10,10,0.5453033773636,0.5453033773636,0.5453033773636
742,10,10,0.4263928152888818,0.4263928152888818,0.4263928152888818
743,10,10,0.60254693680556,0.60254693680556,0.60254693680556
744,10,10,0.47459574395708504,0.47459574395708504,0.47459574395708504
745,10,10,0.684185038052253,0.684185038052253,0.684185038052253
746,10,10,0.5849458883316969,0.5849458883316969,0.5849458883316969
747,10,10,0.1712609580346734,0.17126095803467334,0.17126095803467334
748,10,10,0.5124933789669358,0.5124933789669357,0.5124933789669357
749,10,10,0.24044088842874276,0.24044088842874276,0.24044088842874276
750,10,10,0.3825753846922749,0.3825753846922749,0.3825753846922749
751,10,10,0.625847478610322,0.625847478610322,0.625847478610322
752,10,10,0.4928311843333454,0.49283118433334544,0.49283118433334544
753,10,10,0.4829358454503667,0.4829358454503668,0.4829358454503668
754,10,10,0.47463129669058607,0.4746312966905861,0.4746312966905861
755,10,10,0.45324972115576984,0.45324972115576984,0.45324972115576984
756,10,10,0.40842439819321463,0.4084243981932146,0.4084243981932146
757,10,10,0.6258041847487683,0.6258041847487683,0.6258041847487683
758,10,10,0.275704993491881,0.275704993491881,0.275704993491881
759,10,10,0.5048247058566812,0.5048247058566812,0.5048247058566812
760,10,10,0.6156563948603271,0.6156563948603271,0.6156563948603271
761,10,10,0.6775680071228678,0.6779777534362875,0.6899946031593445
762,10,10,0.5502588756872209,0.550258875687221,0.550258875687221
763,10,10,0.43305666332705994,0.43305666332705994,0.43305666332705994
764,10,10,0.26023538567851046,0.2602353856785105,0.2602353856785105
765,10,10,0.3829509164952464,0.38295091649524643,0.38295091649524643
766,10,10,0.20205438083544972,0.2020543808354497,0.2020543808354497
767,10,10,0.3693097525792152,0.3693097525792152,0.3693097525792152
768,10,10,0.5503561516089934,0.5503561516089934,0.5503561516089934
769,10,10,0.6048691954369554,0.6048691954369554,0.6048691954369554
770,10,10,0.5720540961408394,0.5990258062975959,0.5990258062975959
771,10,10,0.7147810218707442,0.7147810218707442,0.7147810218707442
772,10,10,0.25110044294526634,0.25110044294526634,0.25110044294526634
773,10,10,0.5908420420998902,0.5908420420998903,0.5908420420998903
774,10,10,0.47246265252290204,0.4724626525229021,0.4724626525229021
775,10,10,0.6147609047118594,0.6147609047118594,0.6147609047118594
776,10,10,0.5809097117488565,0.5809097117488565,0.5809097117488565
777,10,10,0.528407137762089,0.528407137762089,0.528407137762089
778,10,10,0.5051835675777455,0.5051835675777455,0.5051835675777455
779,10,10,0.5539809167345024,0.5539809167345024,0.5539809167345024
780,10,10,0.5713311162013216,0.5713311162013216,0.5713311162013216
781,10,10,0.5352857564546593,0.5352857564546591,0.5352857564546591
782,10,10,0.5605374307115849,0.561994824071322,0.645826251792684
783,10,10,0.6687125567849417,0.6687125567849417,0.6687125567849417
784,10,10,0.5882012561966184,0.5882012561966184,0.5882012561966184
785,10,10,0.30776139581519274,0.3077613958151927,0.3077613958151927
786,10,10,0.5613842049764441,0.5613842049764441,0.5613842049764441
787,10,10,0.4713521428756438,0.47135214287564375,0.47135214287564375
788,10,10,0.6164729544065195,0.6164729544065195,0.6164729544065195
789,10,10,0.5709920084845157,0.5709920084845157,0.5709920084845157
790,10,10,0.14085960017045776,0.16283583135262816,0.16283583135262816
791,10,10,0.6545135090804841,0.6545135090804841,0.6545135090804841
792,10,10,0.4334279328009131,0.43342793280091296,0.43342793280091296
793,10,10,0.47370476577277265,0.47370476577277265,0.47370476577277265
794,10,10,0.6965719130278845,0.6965719130278845,0.6965719130278845
795,10,10,0.3437913949478626,0.3750832853280706,0.3814453702773067
796,10,10,0.4132350301969793,0.41323503019697927,0.41323503019697927
797,10,10,0.409212134781104,0.40921213478110396,0.44638961038799696
798,10,10,0.5240481408676407,0.5240481408676406,0.5240481408676406
799,10,10,0.4443256937941385,0.4443256937941385,0.4443256937941385
800,10,10,0.39170760979511193,0.3917076097951119,0.3917076097951119
801,10,10,0.3040722921615328,0.30407229216153286,0.30407229216153286
802,10,10,0.32850317743749813,0.3285031774374982,0.3285031774374982
803,10,10,0.38462526538404757,0.3846252653840476,0.3846252653840476
804,10,10,0.4683952539181926,0.4683952539181926,0.4683952539181926
805,10,10,0.647662274816226,0.6476622748162261,0.6476622748162261
806,10,10,0.3150482851028426,0.3150482851028426,0.3150482851028426
807,10,10,0.45849013473404304,0.4584901347340431,0.4584901347340431
808,10,10,0.4979167440995071,0.4979167440995071,0.4979167440995071
809,10,10,0.45581656186309816,0.45581656186309816,0.45581656186309816
810,10,10,0.404424023385076,0.404424023385076,0.404424023385076
811,10,10,0.6495129071132295,0.6495129071132295,0.6495129071132295
812,10,10,0.697700880190358,0.697700880190358,0.697700880190358
813,10,10,0.4635464736771469,0.46354647367714696,0.46354647367714696
814,10,10,0.3689382492066612,0.3689382492066612,0.3689382492066612
815,10,10,0.2341205284018712,0.2341205284018712,0.2341205284018712
816,10,10,0.48506810222636065,0.48506810222636065,0.48506810222636065
817,10,10,0.4991125578747437,0.5076606145206646,0.5370497265409728
818,10,10,0.30241327073200824,0.30241327073200824,0.30241327073200824
819,10,10,0.4583229359666645,0.4583229359666646,0.4583229359666646
820,10,10,0.3865896399183256,0.3865896399183256,0.3865896399183256
821,10,10,0.40874086666423953,0.4087408666642396,0.4087408666642396
822,10,10,0.5944039996476413,0.5944039996476412,0.5944039996476412
823,10,10,0.5555671196997229,0.5555671196997228,0.5555671196997228
824,10,10,0.72656793705254,0.7265679370525399,0.7265679370525399
825,10,10,0.4499789685615393,0.4499789685615393,0.4499789685615393
826,10,10,0.5475279007761618,0.5475279007761618,0.5475279007761618
827,10,10,0.6363775915800781,0.6363775915800782,0.6363775915800782
828,10,10,0.3697808113118742,0.3697808113118742,0.3697808113118742
829,10,10,0.2875634706301677,0.2875634706301677,0.2875634706301677
830,10,10,0.47086386634383587,0.47086386634383587,0.47086386634383587
831,10,10,0.5702333011697387,0.5702333011697388,0.5733785544386897
832,10,10,0.5299278188683069,0.5299278188683069,0.5299278188683069
833,10,10,0.5279497601481691,0.5279497601481691,0.5279497601481691
834,10,10,0.3579215054379279,0.35792150543792783,0.35792150543792783
835,10,10,0.6179238732637115,0.6179238732637116,0.6179238732637116
836,10,10,0.21224026771268334,0.21224026771268334,0.21224026771268334
837,10,10,0.4127033894177945,0.4127033894177945,0.4127033894177945
838,10,10,0.4385249703319758,0.43852497033197585,0.43852497033197585
839,10,10,0.4219394107125536,0.4219394107125536,0.4219394107125536
840,10,10,0.44822933259767395,0.448229332597674,0.448229332597674
841,10,10,0.5107085128639689,0.5107085128639689,0.5107085128639689
842,10,10,0.23034283908129904,0.23034283908129904,0.23034283908129904
843,10,10,0.5511621279227369,0.5591743975908959,0.6161330738984051
844,10,10,0.7375334222809857,0.7375334222809857,0.7375334222809857
845,10,10,0.17880328404759444,0.1838084355423699,0.21770751285203516
846,10,10,0.4007024537284737,0.4007024537284737,0.4007024537284737
847,10,10,0.5101907552871427,0.5101907552871427,0.5101907552871427
848,10,10,0.5967608386157296,0.5967608386157296,0.5967608386157296
849,10,10,0.44981253942824784,0.44981253942824784,0.44981253942824784
850,10,10,0.523404516059998,0.5234045160599982,0.5234045160599982
851,10,10,0.48177168497248746,0.48177168497248746,0.48177168497248746
852,10,10,0.5123392983755412,0.5123392983755413,0.5123392983755413
853,10,10,0.5091307570075116,0.5091307570075116,0.5091307570075116
854,10,10,0.48207543202709835,0.48207543202709835,0.48207543202709835
855,10,10,0.7204212016699967,0.7204212016699967,0.7204212016699967
856,10,10,0.39672861116613645,0.3967286111661364,0.3967286111661364
857,10,10,0.5279497813132188,0.5279497813132188,0.5279497813132188
858,10,10,0.5598604057540296,0.5671803031011793,0.5671803031011793
859,10,10,0.4652655439593093,0.46526554395930936,0.46526554395930936
860,10,10,0.5984813874384861,0.598481387438486,0.598481387438486
861,10,10,0.30491404008934114,0.30491404008934114,0.30491404008934114
862,10,10,0.26815652914293625,0.26815652914293625,0.26815652914293625
863,10,10,0.43624116259272044,0.4362411625927205,0.4362411625927205
864,10,10,0.5720199760405561,0.572019976040556,0.572019976040556
865,10,10,0.6022639163053223,0.6022639163053223,0.6022639163053223
866,10,10,0.690910146260207,0.690910146260207,0.690910146260207
867,10,10,0.28869636517442154,0.28869636517442154,0.28869636517442154
868,10,10,0.3832762824427861,0.3832762824427861,0.3832762824427861
869,10,10,0.41119187796976764,0.41119187796976764,0.41119187796976764
870,10,10,0.5204887840300682,0.5204887840300682,0.5204887840300682
871,10,10,0.5317992222105687,0.5317992222105687,0.5317992222105687
872,10,10,0.3382372275876979,0.338237227587698,0.338237227587698
873,10,10,0.3789442768314064,0.3789442768314064,0.3789442768314064
874,10,10,0.4279890535018547,0.4279890535018547,0.4279890535018547
875,10,10,0.7672898076821633,0.7672898076821633,0.7672898076821633
876,10,10,0.5770734287673875,0.6206674085913695,0.6206674085913695
877,10,10,0.5626813439094492,0.5626813439094493,0.5626813439094493
878,10,10,0.3905629595411298,0.39056295954112974,0.39056295954112974
879,10,10,0.39217921890009466,0.4247417640159539,0.4701565443070745
880,10,10,0.6572186915202742,0.6572186915202742,0.6572186915202742
881,10,10,0.7111267816566134,0.7150106745913849,0.7568020980105341
882,10,10,0.628330204300074,0.628330204300074,0.628330204300074
883,10,10,0.5323579255735849,0.5323579255735847,0.5323579255735847
884,10,10,0.2089932089483047,0.2089932089483047,0.2089932089483047
885,10,10,0.47499646729330286,0.49551277010886224,0.5498776146762866
886,10,10,0.5880515477997144,0.5880515477997144,0.5880515477997144
887,10,10,0.3372933937742781,0.3486535864715237,0.3486535864715237
888,10,10,0.47360689821276364,0.4736068982127636,0.4736068982127636
889,10,10,0.49257627987079045,0.4925762798707904,0.5061459598795132
890,10,10,0.46294881274466515,0.46294881274466515,0.46294881274466515
891,10,10,0.4699746087897009,0.5040481412667658,0.5381695812903167
892,10,10,0.8896487188674793,0.920435233075768,0.920435233075768
893,10,10,0.5863588425126784,0.5863588425126784,0.5863588425126784
894,10,10,0.15245098045384176,0.15245098045384176,0.15245098045384176
895,10,10,0.3601908900278872,0.3601908900278872,0.3601908900278872
896,10,10,0.5514272272219214,0.5514272272219214,0.5514272272219214
897,10,10,0.48582555940218974,0.4858255594021897,0.4858255594021897
898,10,10,0.5610008839728224,0.5610008839728224,0.5610008839728224
899,10,10,0.4669994888166671,0.5809671484060274,0.6918093180468982
900,10,10,0.659336929057749,0.6593369290577491,0.6593369290577491
901,10,10,0.521771482633937,0.521771482633937,0.521771482633937
902,10,10,0.6076758250437836,0.6076758250437837,0.6076758250437837
903,10,10,0.40557258934851154,0.4055725893485116,0.4055725893485116
904,10,10,0.5390053285539261,0.539005328553926,0.539005328553926
905,10,10,0.7382605652311364,0.7382605652311365,0.7382605652311365
906,10,10,0.4324012350286407,0.4324012350286407,0.4324012350286407
907,10,10,0.41104629831362843,0.41104629831362843,0.41104629831362843
908,10,10,0.6549517737848487,0.6549517737848488,0.6549517737848488
909,10,10,0.4732584766994879,0.47325847669948795,0.47325847669948795
910,10,10,0.5595222487206877,0.5595222487206877,0.5595222487206877
911,10,10,0.5543266981213737,0.5543266981213737,0.5543266981213737
912,10,10,0.40242049835942484,0.40242049835942484,0.40242049835942484
913,10,10,0.4965215663829503,0.4965215663829503,0.4965215663829503
914,10,10,0.6271576374257917,0.6271576374257917,0.6271576374257917
915,10,10,0.4604346829807231,0.48285238299312205,0.48285238299312205
916,10,10,0.7621708135553664,0.7621708135553664,0.7621708135553664
917,10,10,0.7864947859380069,0.7864947859380069,0.7864947859380069
918,10,10,0.6052342753983051,0.6052342753983051,0.6052342753983051
919,10,10,0.7561559110598555,0.7561559110598555,0.7561559110598555
920,10,10,0.6243703403751866,0.6243703403751866,0.6243703403751866
921,10,10,0.5685088645083015,0.5685088645083015,0.5685088645083015
922,10,10,0.4434937983316661,0.4434937983316661,0.4434937983316661
923,10,10,0.5326538816447355,0.5326538816447356,0.5326538816447356
924,10,10,0.45556336323987623,0.4555633632398763,0.4555633632398763
925,10,10,0.39567561618087543,0.3956756161808755,0.3956756161808755
926,10,10,0.3543481759013715,0.35434817590137146,0.35434817590137146
927,10,10,0.2745784552562197,0.2745784552562197,0.2745784552562197
928,10,10,0.6275582869607276,0.6275582869607277,0.6275582869607277
929,10,10,0.45829802096161315,0.45829802096161315,0.5084750341465561
930,10,10,0.6838866058562451,0.6838866058562452,0.6838866058562452
931,10,10,0.25358778282988126,0.25358778282988126,0.25358778282988126
932,10,10,0.5982964154598458,0.5982964154598458,0.5982964154598458
933,10,10,0.4597028413952353,0.47626522827584433,0.47626522827584433
934,10,10,0.4751650563711106,0.4751650563711106,0.6529698382850762
935,10,10,0.9044390336536094,0.9044390336536094,0.9044390336536094
936,10,10,0.4274151643626908,0.4274151643626908,0.4274151643626908
937,10,10,0.6410856238308811,0.6506500957650605,0.9118314738907356
938,10,10,0.6630017940883879,0.6630017940883879,0.6630017940883879
939,10,10,0.5818137994891698,0.5818137994891698,0.5818137994891698
940,10,10,0.35100081224848867,0.3510008122484887,0.3510008122484887
941,10,10,0.3211710312330758,0.3211710312330759,0.3211710312330759
942,10,10,0.35634433164887525,0.35634433164887525,0.35634433164887525
943,10,10,0.6522522384743532,0.6522522384743532,0.6522522384743532
944,10,10,0.4634947746439026,0.4634947746439026,0.4634947746439026
945,10,10,0.3300989554509533,0.33009895545095325,0.3323251552225506
946,10,10,0.6754717733947948,0.6754717733947948,0.6754717733947948
947,10,10,0.6276008420479976,0.6276008420479975,0.6276008420479975
948,10,10,0.6008771084426905,0.6008771084426905,0.6008771084426905
949,10,10,0.7801558220408391,0.7801558220408391,0.7801558220408391
950,10,10,0.34601028132816614,0.3781836607861023,0.3781836607861023
951,10,10,0.3927544619154709,0.39563680962900083,0.4753677453363343
952,10,10,0.44303867915121514,0.44303867915121514,0.44303867915121514
953,10,10,0.3205859308436605,0.3205859308436604,0.3205859308436604
954,10,10,0.622207588846523,0.622207588846523,0.622207588846523
955,10,10,0.7198306954299964,0.7615843963939358,0.7878012141460173
956,10,10,0.6107532048893504,0.6107532048893503,0.6107532048893503
957,10,10,0.5822840624760242,0.582284062476024,0.582284062476024
958,10,10,0.26751535090119766,0.2675153509011976,0.2675153509011976
959,10,10,0.5292940511213203,0.5339208882979232,0.6454042343895283
960,10,10,0.566151117110097,0.566151117110097,0.566151117110097
961,10,10,0.8704427904538674,0.8704427904538673,0.8704427904538673
962,10,10,0.4500589052690123,0.45005890526901227,0.45005890526901227
963,10,10,0.44353182949608916,0.44353182949608916,0.44353182949608916
964,10,10,0.28272015167318365,0.28272015167318365,0.28272015167318365
965,10,10,0.5457466125842666,0.5457466125842666,0.5457466125842666
966,10,10,0.3807733410300644,0.38077334103006444,0.38077334103006444
967,10,10,0.6790173443936885,0.6790173443936887,0.6790173443936887
968,10,10,0.6121342121800789,0.6121342121800789,0.6121342121800789
969,10,10,0.6969606903829713,0.6969606903829713,0.6969606903829713
970,10,10,0.38377600547462054,0.38377600547462054,0.38377600547462054
971,10,10,0.9414590669961096,0.9414590669961096,0.9414590669961096
972,10,10,0.5267203164952275,0.5267203164952275,0.5267203164952275
973,10,10,0.7435002421748304,0.7435002421748304,0.7435002421748304
974,10,10,0.369839943532712,0.369839943532712,0.369839943532712
975,10,10,0.4174511823108881,0.4174511823108882,0.4174511823108882
976,10,10,0.4963678974139937,0.49636789741399373,0.49636789741399373
977,10,10,0.29029196769422355,0.29029196769422355,0.29029196769422355
978,10,10,0.10321401936973852,0.10321401936973851,0.10321401936973851
979,10,10,0.48664005209049366,0.48664005209049366,0.48664005209049366
980,10,10,0.27805947215640237,0.27805947215640237,0.27805947215640237
981,10,10,0.2972153314642646,0.2972153314642646,0.2972153314642646
982,10,10,0.7823409745237838,0.7823409745237838,0.7823409745237838
983,10,10,0.526892057986176,0.526892057986176,0.526892057986176
984,10,10,0.38430126413721,0.38430126413721,0.38430126413721
985,10,10,0.4090253408344826,0.40902534083448255,0.40902534083448255
986,10,10,0.371666108085656,0.3760211201479612,0.482425898942137
987,10,10,0.6110058971416825,0.6110058971416825,0.7932061482027926
988,10,10,0.6943882990646141,0.6943882990646141,0.6943882990646141
989,10,10,0.5433153497280042,0.5433153497280041,0.5433153497280041
990,10,10,0.43285313346641063,0.43285313346641063,0.43285313346641063
991,10,10,0.421158361886929,0.421158361886929,0.421158361886929
992,10,10,0.5778887157377093,0.5778887157377093,0.5778887157377093
993,10,10,0.6834817925659585,0.6834817925659584,0.6834817925659584
994,10,10,0.6672002506140644,0.6733430845546707,0.6736630113589103
995,10,10,0.4983244290519691,0.49832442905196905,0.49832442905196905
996,10,10,0.2761688380336442,0.2761688380336442,0.2761688380336442
997,10,10,0.882703149711189,0.882703149711189,0.882703149711189
998,10,10,0.20319697070424553,0.21992940760255436,0.2600072256069204
999,10,10,0.3580552643744832,0.35805526437448315,0.35805526437448315
1000,10,10,0.687128667235573,0.687128667235573,0.687128667235573
