iter,max_previous_assortment,best_case_revenue,worst_case_revenue,optimal_obj_val,n,M,time_optimistic,time_robust,best_case_pareto,worst_case_pareto,expected_revenue_pareto
1,42.834848484848465,90.2272727272728,42.83484848484846,50.67121212121216,15,3,1.811092191,1.532821344,42.834848484848465,42.83484848484846,42.83484848484846
1,42.834848484848465,90.2272727272728,42.83484848484846,50.67121212121216,15,3,1.811092191,1.532821344,80.21060606060611,42.5333333333333,43.84999999999998
1,42.834848484848465,90.2272727272728,42.83484848484846,50.67121212121216,15,3,1.811092191,1.532821344,82.85303030303038,42.47424242424242,43.84999999999998
1,42.834848484848465,90.2272727272728,42.83484848484846,50.67121212121216,15,3,1.811092191,1.532821344,84.239393939394,40.31060606060604,45.78181818181818
1,42.834848484848465,90.2272727272728,42.83484848484846,50.67121212121216,15,3,1.811092191,1.532821344,84.42121212121219,37.946969696969646,45.686363636363645
1,42.834848484848465,90.2272727272728,42.83484848484846,50.67121212121216,15,3,1.811092191,1.532821344,84.66363636363643,34.69848484848482,44.904545454545456
1,42.834848484848465,90.2272727272728,42.83484848484846,50.67121212121216,15,3,1.811092191,1.532821344,85.38636363636373,34.180303030303,44.23484848484847
1,42.834848484848465,90.2272727272728,42.83484848484846,50.67121212121216,15,3,1.811092191,1.532821344,85.85303030303037,31.816666666666638,43.72727272727272
1,42.834848484848465,90.2272727272728,42.83484848484846,50.67121212121216,15,3,1.811092191,1.532821344,86.1303030303031,28.592424242424208,42.18484848484848
1,42.834848484848465,90.2272727272728,42.83484848484846,50.67121212121216,15,3,1.811092191,1.532821344,86.41969696969706,28.124242424242397,38.73333333333334
1,42.834848484848465,90.2272727272728,42.83484848484846,50.67121212121216,15,3,1.811092191,1.532821344,86.72272727272735,25.343939393939365,40.203030303030296
1,42.834848484848465,90.2272727272728,42.83484848484846,50.67121212121216,15,3,1.811092191,1.532821344,86.9772727272728,24.115151515151485,36.66060606060607
1,42.834848484848465,90.2272727272728,42.83484848484846,50.67121212121216,15,3,1.811092191,1.532821344,87.12575757575765,20.39545454545454,34.08939393939393
1,42.834848484848465,90.2272727272728,42.83484848484846,50.67121212121216,15,3,1.811092191,1.532821344,87.89545454545458,18.58787878787876,32.72878787878789
1,42.834848484848465,90.2272727272728,42.83484848484846,50.67121212121216,15,3,1.811092191,1.532821344,89.08484848484854,11.9272727272727,25.715151515151522
1,47.8621212121212,92.67878787878792,47.862121212121245,50.67121212121216,15,4,1.237396978,3.432836988,87.38333333333338,47.862121212121245,49.53787878787879
1,47.8621212121212,92.67878787878792,47.862121212121245,50.67121212121216,15,4,1.237396978,3.432836988,88.16666666666669,45.787878787878775,47.828787878787864
1,47.8621212121212,92.67878787878792,47.862121212121245,50.67121212121216,15,4,1.237396978,3.432836988,88.23484848484851,44.53787878787876,47.2742424242424
1,47.8621212121212,92.67878787878792,47.862121212121245,50.67121212121216,15,4,1.237396978,3.432836988,88.28333333333339,42.94545454545458,45.61363636363635
1,47.8621212121212,92.67878787878792,47.862121212121245,50.67121212121216,15,4,1.237396978,3.432836988,88.36666666666673,42.9272727272727,45.0590909090909
1,47.8621212121212,92.67878787878792,47.862121212121245,50.67121212121216,15,4,1.237396978,3.432836988,88.49848484848489,42.015151515151544,46.61060606060603
1,47.8621212121212,92.67878787878792,47.862121212121245,50.67121212121216,15,4,1.237396978,3.432836988,88.60606060606061,41.2681818181818,45.41515151515149
1,47.8621212121212,92.67878787878792,47.862121212121245,50.67121212121216,15,4,1.237396978,3.432836988,88.689393939394,40.01818181818181,44.860606060606045
1,47.8621212121212,92.67878787878792,47.862121212121245,50.67121212121216,15,4,1.237396978,3.432836988,88.7075757575758,39.82727272727274,44.38636363636362
1,47.8621212121212,92.67878787878792,47.862121212121245,50.67121212121216,15,4,1.237396978,3.432836988,88.79090909090917,39.80909090909089,43.84090909090907
1,47.8621212121212,92.67878787878792,47.862121212121245,50.67121212121216,15,4,1.237396978,3.432836988,88.85606060606065,38.40454545454543,44.19696969696967
1,47.8621212121212,92.67878787878792,47.862121212121245,50.67121212121216,15,4,1.237396978,3.432836988,88.93939393939394,38.29090909090907,43.64242424242422
1,47.8621212121212,92.67878787878792,47.862121212121245,50.67121212121216,15,4,1.237396978,3.432836988,89.07575757575763,37.25909090909086,42.41060606060604
1,47.8621212121212,92.67878787878792,47.862121212121245,50.67121212121216,15,4,1.237396978,3.432836988,89.14393939393943,36.009090909090936,41.865151515151496
1,47.8621212121212,92.67878787878792,47.862121212121245,50.67121212121216,15,4,1.237396978,3.432836988,89.33484848484852,34.39545454545449,41.19242424242422
1,47.8621212121212,92.67878787878792,47.862121212121245,50.67121212121216,15,4,1.237396978,3.432836988,89.40909090909095,34.28181818181817,40.64696969696968
1,47.8621212121212,92.67878787878792,47.862121212121245,50.67121212121216,15,4,1.237396978,3.432836988,89.64393939393943,25.386363636363562,33.87424242424241
1,47.8621212121212,92.67878787878792,47.862121212121245,50.67121212121216,15,4,1.237396978,3.432836988,89.82575757575762,24.286363636363603,33.354545454545445
1,47.8621212121212,92.67878787878792,47.862121212121245,50.67121212121216,15,4,1.237396978,3.432836988,90.55303030303037,18.24999999999997,27.786363636363618
1,46.50151515151515,72.62121212121254,46.50151515151515,50.67121212121216,15,5,18.76609539,9.463378052,46.50151515151515,46.50151515151515,46.501515151515136
1,46.50151515151515,72.62121212121254,46.50151515151515,50.67121212121216,15,5,18.76609539,9.463378052,48.83181818181836,46.12878787878789,47.654545454545456
1,46.50151515151515,72.62121212121254,46.50151515151515,50.67121212121216,15,5,18.76609539,9.463378052,55.8136363636361,45.809090909091104,48.91515151515151
1,46.50151515151515,72.62121212121254,46.50151515151515,50.67121212121216,15,5,18.76609539,9.463378052,60.457575757575796,44.70606060606078,50.10151515151515
1,46.50151515151515,72.62121212121254,46.50151515151515,50.67121212121216,15,5,18.76609539,9.463378052,60.88787878787892,43.487878787878955,49.75454545454545
1,46.50151515151515,72.62121212121254,46.50151515151515,50.67121212121216,15,5,18.76609539,9.463378052,64.91212121212128,42.89696969696985,50.67121212121212
1,46.50151515151515,72.62121212121254,46.50151515151515,50.67121212121216,15,5,18.76609539,9.463378052,67.49090909090955,41.32575757575833,50.351515151515144
2,50.78484848484852,91.31060606060608,50.784848484848496,54.10909090909091,15,3,0.387903941,1.313003396,50.784848484848496,50.784848484848496,50.78484848484852
2,50.78484848484852,91.31060606060608,50.784848484848496,54.10909090909091,15,3,0.387903941,1.313003396,57.533333333333324,50.62424242424247,50.91969696969696
2,50.78484848484852,91.31060606060608,50.784848484848496,54.10909090909091,15,3,0.387903941,1.313003396,82.28484848484857,50.500000000000014,50.91969696969701
2,50.78484848484852,91.31060606060608,50.784848484848496,54.10909090909091,15,3,0.387903941,1.313003396,82.87727272727274,50.443939393939445,51.368181818181796
2,50.78484848484852,91.31060606060608,50.784848484848496,54.10909090909091,15,3,0.387903941,1.313003396,85.90909090909095,47.99696969696968,49.60909090909094
2,50.78484848484852,91.31060606060608,50.784848484848496,54.10909090909091,15,3,0.387903941,1.313003396,86.0257575757576,45.687878787878816,49.23787878787883
2,50.78484848484852,91.31060606060608,50.784848484848496,54.10909090909091,15,3,0.387903941,1.313003396,86.16212121212126,41.869696969697024,48.86818181818186
2,50.78484848484852,91.31060606060608,50.784848484848496,54.10909090909091,15,3,0.387903941,1.313003396,86.37878787878792,40.24696969696975,47.40303030303035
2,50.78484848484852,91.31060606060608,50.784848484848496,54.10909090909091,15,3,0.387903941,1.313003396,86.50757575757578,39.30606060606065,46.65909090909096
2,50.78484848484852,91.31060606060608,50.784848484848496,54.10909090909091,15,3,0.387903941,1.313003396,86.69242424242428,34.66666666666671,45.81818181818189
2,50.78484848484852,91.31060606060608,50.784848484848496,54.10909090909091,15,3,0.387903941,1.313003396,86.78333333333337,32.393939393939434,48.80757575757584
2,50.78484848484852,91.31060606060608,50.784848484848496,54.10909090909091,15,3,0.387903941,1.313003396,87.08333333333337,29.08939393939398,47.37575757575767
2,50.78484848484852,91.31060606060608,50.784848484848496,54.10909090909091,15,3,0.387903941,1.313003396,87.25,27.939393939393984,46.32727272727282
2,51.874242424242425,92.43181818181829,51.8742424242425,54.10909090909091,15,4,1.526382604,2.324211896,51.8742424242425,51.8742424242425,51.874242424242425
2,51.874242424242425,92.43181818181829,51.8742424242425,54.10909090909091,15,4,1.526382604,2.324211896,90.56060606060613,51.81363636363644,52.11666666666666
2,51.874242424242425,92.43181818181829,51.8742424242425,54.10909090909091,15,4,1.526382604,2.324211896,90.60606060606061,50.42272727272736,51.33484848484848
2,51.874242424242425,92.43181818181829,51.8742424242425,54.10909090909091,15,4,1.526382604,2.324211896,90.68939393939401,48.25909090909092,51.16060606060608
2,51.874242424242425,92.43181818181829,51.8742424242425,54.10909090909091,15,4,1.526382604,2.324211896,90.72727272727283,46.868181818181895,49.84393939393941
2,51.874242424242425,92.43181818181829,51.8742424242425,54.10909090909091,15,4,1.526382604,2.324211896,90.74242424242435,46.824242424242485,52.01969696969695
2,51.874242424242425,92.43181818181829,51.8742424242425,54.10909090909091,15,4,1.526382604,2.324211896,90.79545454545465,45.530303030303145,50.87272727272726
2,51.874242424242425,92.43181818181829,51.8742424242425,54.10909090909091,15,4,1.526382604,2.324211896,90.87878787878795,41.69545454545463,49.30757575757576
2,51.874242424242425,92.43181818181829,51.8742424242425,54.10909090909091,15,4,1.526382604,2.324211896,90.93181818181823,40.30454545454554,48.4469696969697
2,51.874242424242425,92.43181818181829,51.8742424242425,54.10909090909091,15,4,1.526382604,2.324211896,91.0530303030304,36.10606060606067,46.384848484848504
2,51.874242424242425,92.43181818181829,51.8742424242425,54.10909090909091,15,4,1.526382604,2.324211896,91.06818181818194,31.798484848484907,39.803030303030376
2,51.093939393939394,87.85151515151509,51.093939393939465,54.10909090909091,15,5,72.690817864,31.651396548,51.09393939393938,51.093939393939465,51.093939393939394
2,51.093939393939394,87.85151515151509,51.093939393939465,54.10909090909091,15,5,72.690817864,31.651396548,59.54242424242434,50.54242424242426,51.46212121212122
2,51.093939393939394,87.85151515151509,51.093939393939465,54.10909090909091,15,5,72.690817864,31.651396548,59.68030303030314,50.343939393939436,51.60606060606061
2,51.093939393939394,87.85151515151509,51.093939393939465,54.10909090909091,15,5,72.690817864,31.651396548,60.32121212121221,49.716666666666946,51.86060606060606
2,51.093939393939394,87.85151515151509,51.093939393939465,54.10909090909091,15,5,72.690817864,31.651396548,61.933333333333536,49.716666666666754,51.93787878787879
2,51.093939393939394,87.85151515151509,51.093939393939465,54.10909090909091,15,5,72.690817864,31.651396548,62.10606060606071,48.768181818181915,53.224242424242405
2,51.093939393939394,87.85151515151509,51.093939393939465,54.10909090909091,15,5,72.690817864,31.651396548,64.24242424242433,48.7681818181819,53.58333333333332
2,51.093939393939394,87.85151515151509,51.093939393939465,54.10909090909091,15,5,72.690817864,31.651396548,78.90606060606076,46.70909090909101,47.88181818181827
2,51.093939393939394,87.85151515151509,51.093939393939465,54.10909090909091,15,5,72.690817864,31.651396548,80.79696969696981,45.7378787878789,48.25151515151523
2,51.093939393939394,87.85151515151509,51.093939393939465,54.10909090909091,15,5,72.690817864,31.651396548,82.04393939393957,39.64393939393948,43.62575757575758
2,51.093939393939394,87.85151515151509,51.093939393939465,54.10909090909091,15,5,72.690817864,31.651396548,83.60303030303044,38.61060606060618,45.81818181818189
2,51.093939393939394,87.85151515151509,51.093939393939465,54.10909090909091,15,5,72.690817864,31.651396548,85.33333333333346,33.357575757575766,35.49242424242425
2,51.093939393939394,87.85151515151509,51.093939393939465,54.10909090909091,15,5,72.690817864,31.651396548,85.48333333333346,33.08484848484851,35.842424242424244
2,51.093939393939394,87.85151515151509,51.093939393939465,54.10909090909091,15,5,72.690817864,31.651396548,86.32424242424254,26.457575757575775,31.26363636363636
2,51.093939393939394,87.85151515151509,51.093939393939465,54.10909090909091,15,5,72.690817864,31.651396548,86.45303030303043,26.184848484848505,32.709090909090904
2,51.093939393939394,87.85151515151509,51.093939393939465,54.10909090909091,15,5,72.690817864,31.651396548,86.67272727272736,23.854545454545477,31.192424242424245
2,51.093939393939394,87.85151515151509,51.093939393939465,54.10909090909091,15,5,72.690817864,31.651396548,86.8015151515153,23.58181818181814,32.2939393939394
2,51.093939393939394,87.85151515151509,51.093939393939465,54.10909090909091,15,5,72.690817864,31.651396548,86.99393939393944,18.345454545454608,34.51515151515153
2,51.093939393939394,87.85151515151509,51.093939393939465,54.10909090909091,15,5,72.690817864,31.651396548,87.44545454545467,16.954545454545467,24.522727272727266
2,51.093939393939394,87.85151515151509,51.093939393939465,54.10909090909091,15,5,72.690817864,31.651396548,87.5742424242426,16.6818181818182,27.45454545454545
2,51.093939393939394,87.85151515151509,51.093939393939465,54.10909090909091,15,5,72.690817864,31.651396548,87.73030303030313,9.736363636363635,20.501515151515157
2,51.093939393939394,87.85151515151509,51.093939393939465,54.10909090909091,15,5,72.690817864,31.651396548,87.85151515151509,9.648484848484847,24.995454545454553
3,43.5560606060606,81.75454545454556,43.5560606060606,47.9121212121211,15,3,0.236734377,0.530896168,43.55606060606066,43.5560606060606,43.5560606060606
3,43.5560606060606,81.75454545454556,43.5560606060606,47.9121212121211,15,3,0.236734377,0.530896168,68.57424242424236,43.51969696969698,43.69090909090908
3,43.5560606060606,81.75454545454556,43.5560606060606,47.9121212121211,15,3,0.236734377,0.530896168,70.39999999999992,39.4530303030303,43.44242424242424
3,43.5560606060606,81.75454545454556,43.5560606060606,47.9121212121211,15,3,0.236734377,0.530896168,72.3439393939394,38.6363636363637,47.3621212121212
3,43.5560606060606,81.75454545454556,43.5560606060606,47.9121212121211,15,3,0.236734377,0.530896168,74.00757575757578,34.56969696969696,47.34393939393939
3,43.5560606060606,81.75454545454556,43.5560606060606,47.9121212121211,15,3,0.236734377,0.530896168,74.26212121212112,24.924242424242365,32.722727272727276
3,43.5560606060606,81.75454545454556,43.5560606060606,47.9121212121211,15,3,0.236734377,0.530896168,74.57878787878778,22.712121212121218,30.143939393939394
3,43.5560606060606,81.75454545454556,43.5560606060606,47.9121212121211,15,3,0.236734377,0.530896168,74.74545454545445,21.57575757575758,28.78030303030303
3,43.5560606060606,81.75454545454556,43.5560606060606,47.9121212121211,15,3,0.236734377,0.530896168,75.15454545454539,14.627272727272658,27.343939393939387
3,43.5560606060606,81.75454545454556,43.5560606060606,47.9121212121211,15,3,0.236734377,0.530896168,75.89999999999993,10.860606060605985,19.210606060606064
3,44.44090909090908,76.02424242424243,44.44090909090909,47.9121212121211,15,4,1.979289477,2.990638319,44.440909090909095,44.44090909090909,44.44090909090909
3,44.44090909090908,76.02424242424243,44.44090909090909,47.9121212121211,15,4,1.979289477,2.990638319,67.09545454545456,44.37121212121212,46.08030303030303
3,44.44090909090908,76.02424242424243,44.44090909090909,47.9121212121211,15,4,1.979289477,2.990638319,67.62727272727274,42.30454545454544,45.578787878787864
3,44.44090909090908,76.02424242424243,44.44090909090909,47.9121212121211,15,4,1.979289477,2.990638319,67.7045454545455,39.87121212121212,43.57272727272726
3,44.44090909090908,76.02424242424243,44.44090909090909,47.9121212121211,15,4,1.979289477,2.990638319,68.17272727272743,39.584848484848486,45.627272727272725
3,44.44090909090908,76.02424242424243,44.44090909090909,47.9121212121211,15,4,1.979289477,2.990638319,68.9409090909091,38.98333333333333,46.3590909090909
3,44.44090909090908,76.02424242424243,44.44090909090909,47.9121212121211,15,4,1.979289477,2.990638319,69.34090909090935,37.831818181818036,44.36060606060605
3,44.44090909090908,76.02424242424243,44.44090909090909,47.9121212121211,15,4,1.979289477,2.990638319,69.36666666666713,37.795454545454575,43.8590909090909
3,44.44090909090908,76.02424242424243,44.44090909090909,47.9121212121211,15,4,1.979289477,2.990638319,69.44545454545467,37.778787878787874,43.57272727272727
3,44.44090909090908,76.02424242424243,44.44090909090909,47.9121212121211,15,4,1.979289477,2.990638319,69.47272727272725,36.91666666666665,45.56969696969696
3,44.44090909090908,76.02424242424243,44.44090909090909,47.9121212121211,15,4,1.979289477,2.990638319,69.87272727272729,35.76515151515151,43.639393939393926
3,44.44090909090908,76.02424242424243,44.44090909090909,47.9121212121211,15,4,1.979289477,2.990638319,69.8984848484851,35.72878787878786,42.722727272727255
3,44.44090909090908,76.02424242424243,44.44090909090909,47.9121212121211,15,4,1.979289477,2.990638319,69.9772727272727,35.71212121212121,42.43636363636362
3,44.44090909090908,76.02424242424243,44.44090909090909,47.9121212121211,15,4,1.979289477,2.990638319,70.91515151515159,27.350000000000055,41.245454545454564
3,44.44090909090908,76.02424242424243,44.44090909090909,47.9121212121211,15,4,1.979289477,2.990638319,71.2257575757576,24.916666666666675,38.81212121212122
3,44.44090909090908,76.02424242424243,44.44090909090909,47.9121212121211,15,4,1.979289477,2.990638319,72.41060606060607,22.65757575757573,30.418181818181818
3,44.44090909090908,76.02424242424243,44.44090909090909,47.9121212121211,15,4,1.979289477,2.990638319,73.0409090909091,21.96212121212122,38.621212121212125
3,44.44090909090908,76.02424242424243,44.44090909090909,47.9121212121211,15,4,1.979289477,2.990638319,73.29090909090911,19.52878787878789,36.263636363636365
3,44.44090909090908,76.02424242424243,44.44090909090909,47.9121212121211,15,4,1.979289477,2.990638319,73.35757575757577,19.27878787878788,35.346969696969694
3,44.44090909090908,76.02424242424243,44.44090909090909,47.9121212121211,15,4,1.979289477,2.990638319,73.43030303030305,19.26212121212122,34.157575757575756
3,44.44090909090908,76.02424242424243,44.44090909090909,47.9121212121211,15,4,1.979289477,2.990638319,73.69696969696969,18.58484848484841,25.43787878787878
3,44.44090909090908,76.02424242424243,44.44090909090909,47.9121212121211,15,4,1.979289477,2.990638319,73.77575757575757,17.633333333333336,24.010606060606058
3,44.44090909090908,76.02424242424243,44.44090909090909,47.9121212121211,15,4,1.979289477,2.990638319,74.00606060606063,14.637878787878783,27.343939393939387
3,44.44090909090908,76.02424242424243,44.44090909090909,47.9121212121211,15,4,1.979289477,2.990638319,74.07878787878789,14.62121212121212,25.91666666666666
3,44.44090909090908,76.02424242424243,44.44090909090909,47.9121212121211,15,4,1.979289477,2.990638319,74.61060606060607,13.80606060606053,25.68787878787879
3,44.44090909090908,76.02424242424243,44.44090909090909,47.9121212121211,15,4,1.979289477,2.990638319,74.68333333333335,12.854545454545454,24.49848484848485
3,44.44090909090908,76.02424242424243,44.44090909090909,47.9121212121211,15,4,1.979289477,2.990638319,74.9318181818182,12.734848484848486,32.722727272727276
3,44.44090909090908,76.02424242424243,44.44090909090909,47.9121212121211,15,4,1.979289477,2.990638319,75.18181818181819,10.301515151515153,30.143939393939394
3,44.44090909090908,76.02424242424243,44.44090909090909,47.9121212121211,15,4,1.979289477,2.990638319,75.89696969696969,9.733333333333256,19.210606060606064
3,44.44090909090908,76.02424242424243,44.44090909090909,47.9121212121211,15,4,1.979289477,2.990638319,75.96969696969717,8.781818181818185,17.78333333333334
3,46.919696969696965,69.3363636363637,46.919696969697036,47.9121212121211,15,5,16.41394575,15.652578336,46.919696969697,46.919696969697036,46.919696969696965
3,46.919696969696965,69.3363636363637,46.919696969697036,47.9121212121211,15,5,16.41394575,15.652578336,58.10151515151513,46.889393939394,46.94393939393939
3,46.919696969696965,69.3363636363637,46.919696969697036,47.9121212121211,15,5,16.41394575,15.652578336,58.31212121212123,45.753030303030364,46.21363636363635
3,46.919696969696965,69.3363636363637,46.919696969697036,47.9121212121211,15,5,16.41394575,15.652578336,59.78787878787885,42.27121212121219,46.95757575757575
3,46.919696969696965,69.3363636363637,46.919696969697036,47.9121212121211,15,5,16.41394575,15.652578336,60.01212121212126,41.15909090909098,45.578787878787864
3,46.919696969696965,69.3363636363637,46.919696969697036,47.9121212121211,15,5,16.41394575,15.652578336,60.19393939393945,40.02272727272734,44.66363636363636
3,46.919696969696965,69.3363636363637,46.919696969697036,47.9121212121211,15,5,16.41394575,15.652578336,60.745454545454535,39.971212121212126,43.45303030303029
3,46.919696969696965,69.3363636363637,46.919696969697036,47.9121212121211,15,5,16.41394575,15.652578336,61.1606060606061,39.78030303030304,46.3590909090909
3,46.919696969696965,69.3363636363637,46.919696969697036,47.9121212121211,15,5,16.41394575,15.652578336,61.26969696969702,39.74242424242426,45.8590909090909
3,46.919696969696965,69.3363636363637,46.919696969697036,47.9121212121211,15,5,16.41394575,15.652578336,62.115151515151496,38.39393939393937,39.9909090909091
3,46.919696969696965,69.3363636363637,46.919696969697036,47.9121212121211,15,5,16.41394575,15.652578336,62.418181818181836,37.74999999999999,41.780303030303024
3,46.919696969696965,69.3363636363637,46.919696969697036,47.9121212121211,15,5,16.41394575,15.652578336,62.725757575757584,36.434848484848395,41.06666666666667
3,46.919696969696965,69.3363636363637,46.919696969697036,47.9121212121211,15,5,16.41394575,15.652578336,62.975757575757626,30.44242424242424,39.760606060606065
3,46.919696969696965,69.3363636363637,46.919696969697036,47.9121212121211,15,5,16.41394575,15.652578336,63.18484848484853,30.24848484848483,42.89393939393939
3,46.919696969696965,69.3363636363637,46.919696969697036,47.9121212121211,15,5,16.41394575,15.652578336,63.327272727272785,30.18030303030304,42.166666666666664
3,46.919696969696965,69.3363636363637,46.919696969697036,47.9121212121211,15,5,16.41394575,15.652578336,63.45454545454558,30.054545454545476,37.31969696969698
3,46.919696969696965,69.3363636363637,46.919696969697036,47.9121212121211,15,5,16.41394575,15.652578336,63.63030303030298,29.763636363636383,40.67424242424242
3,46.919696969696965,69.3363636363637,46.919696969697036,47.9121212121211,15,5,16.41394575,15.652578336,63.77272727272733,29.695454545454552,39.72575757575758
3,46.919696969696965,69.3363636363637,46.919696969697036,47.9121212121211,15,5,16.41394575,15.652578336,64.07878787878796,28.76818181818183,39.95303030303031
3,46.919696969696965,69.3363636363637,46.919696969697036,47.9121212121211,15,5,16.41394575,15.652578336,64.23030303030308,28.700000000000017,38.58939393939394
4,49.43787878787878,81.16363636363636,49.44848484848484,49.9666666666666,15,3,0.652029131,0.124457735,50.493939393939385,49.44848484848484,49.7712121212121
4,49.43787878787878,81.16363636363636,49.44848484848484,49.9666666666666,15,3,0.652029131,0.124457735,50.52575757575756,49.43787878787878,49.74999999999999
4,49.43787878787878,81.16363636363636,49.44848484848484,49.9666666666666,15,3,0.652029131,0.124457735,61.17121212121209,49.233333333333334,49.78787878787877
4,49.43787878787878,81.16363636363636,49.44848484848484,49.9666666666666,15,3,0.652029131,0.124457735,70.79696969696965,45.38030303030302,49.89545454545453
4,48.07121212121211,66.79393939393955,48.07121212121221,49.9666666666666,15,4,2.621273284,1.538932086,48.07121212121214,48.07121212121221,48.07121212121211
4,48.07121212121211,66.79393939393955,48.07121212121221,49.9666666666666,15,4,2.621273284,1.538932086,54.13181818181827,47.9742424242426,49.104545454545445
4,48.07121212121211,66.79393939393955,48.07121212121221,49.9666666666666,15,4,2.621273284,1.538932086,55.3530303030305,47.88787878787887,49.34242424242423
4,48.07121212121211,66.79393939393955,48.07121212121221,49.9666666666666,15,4,2.621273284,1.538932086,56.03787878787897,47.765151515151565,49.34242424242423
4,48.07121212121211,66.79393939393955,48.07121212121221,49.9666666666666,15,4,2.621273284,1.538932086,58.659090909091,37.07727272727283,49.58333333333332
4,48.07121212121211,66.79393939393955,48.07121212121221,49.9666666666666,15,4,2.621273284,1.538932086,60.05000000000018,36.99090909090913,49.821212121212106
4,48.07121212121211,66.79393939393955,48.07121212121221,49.9666666666666,15,4,2.621273284,1.538932086,60.3712121212123,36.86818181818192,49.866666666666646
4,41.704545454545446,66.07878787878792,41.70454545454551,49.9666666666666,15,5,24.953965993,28.066032191,41.70454545454548,41.70454545454551,41.70454545454544
4,41.704545454545446,66.07878787878792,41.70454545454551,49.9666666666666,15,5,24.953965993,28.066032191,55.01969696969702,41.6818181818182,41.704545454545446
4,41.704545454545446,66.07878787878792,41.70454545454551,49.9666666666666,15,5,24.953965993,28.066032191,55.29848484848495,40.99090909090914,44.50606060606059
4,41.704545454545446,66.07878787878792,41.70454545454551,49.9666666666666,15,5,24.953965993,28.066032191,56.530303030303074,40.990909090909135,42.03030303030301
4,41.704545454545446,66.07878787878792,41.70454545454551,49.9666666666666,15,5,24.953965993,28.066032191,56.59242424242429,39.66363636363649,40.99696969696968
4,41.704545454545446,66.07878787878792,41.70454545454551,49.9666666666666,15,5,24.953965993,28.066032191,57.2106060606061,38.89090909090913,42.184848484848466
4,41.704545454545446,66.07878787878792,41.70454545454551,49.9666666666666,15,5,24.953965993,28.066032191,57.237878787878856,38.89090909090908,42.184848484848466
4,41.704545454545446,66.07878787878792,41.70454545454551,49.9666666666666,15,5,24.953965993,28.066032191,57.25606060606061,37.56363636363641,41.1651515151515
4,41.704545454545446,66.07878787878792,41.70454545454551,49.9666666666666,15,5,24.953965993,28.066032191,57.26969696969699,34.69545454545453,37.457575757575775
4,41.704545454545446,66.07878787878792,41.70454545454551,49.9666666666666,15,5,24.953965993,28.066032191,59.603030303030316,33.650000000000006,40.44848484848484
4,41.704545454545446,66.07878787878792,41.70454545454551,49.9666666666666,15,5,24.953965993,28.066032191,60.56818181818188,33.59848484848485,40.43787878787879
4,41.704545454545446,66.07878787878792,41.70454545454551,49.9666666666666,15,5,24.953965993,28.066032191,61.25000000000011,33.080303030303,40.80757575757575
4,41.704545454545446,66.07878787878792,41.70454545454551,49.9666666666666,15,5,24.953965993,28.066032191,62.21515151515158,33.02878787878752,40.86666666666667
4,41.704545454545446,66.07878787878792,41.70454545454551,49.9666666666666,15,5,24.953965993,28.066032191,62.54848484848497,32.595454545454494,36.62727272727273
4,41.704545454545446,66.07878787878792,41.70454545454551,49.9666666666666,15,5,24.953965993,28.066032191,62.575757575757656,31.268181818181787,35.80454545454546
5,48.089393939393936,89.109090909091,48.08939393939401,53.03030303030301,15,3,0.215327356,0.313561607,48.089393939394,48.08939393939401,48.08939393939394
5,48.089393939393936,89.109090909091,48.08939393939401,53.03030303030301,15,3,0.215327356,0.313561607,50.78181818181819,47.777272727272766,48.22878787878788
5,48.089393939393936,89.109090909091,48.08939393939401,53.03030303030301,15,3,0.215327356,0.313561607,68.2924242424243,47.572727272727334,51.89090909090909
5,48.089393939393936,89.109090909091,48.08939393939401,53.03030303030301,15,3,0.215327356,0.313561607,70.98484848484848,47.51363636363644,51.984848484848484
5,48.089393939393936,89.109090909091,48.08939393939401,53.03030303030301,15,3,0.215327356,0.313561607,73.84545454545454,45.412121212121264,50.40606060606061
5,48.089393939393936,89.109090909091,48.08939393939401,53.03030303030301,15,3,0.215327356,0.313561607,75.79393939393947,44.21515151515157,52.22878787878787
5,48.089393939393936,89.109090909091,48.08939393939401,53.03030303030301,15,3,0.215327356,0.313561607,77.69696969696975,41.41666666666674,50.75151515151515
5,48.089393939393936,89.109090909091,48.08939393939401,53.03030303030301,15,3,0.215327356,0.313561607,79.42727272727282,36.60606060606063,49.628787878787875
5,48.089393939393936,89.109090909091,48.08939393939401,53.03030303030301,15,3,0.215327356,0.313561607,81.70454545454548,35.45454545454546,45.7030303030303
5,48.089393939393936,89.109090909091,48.08939393939401,53.03030303030301,15,3,0.215327356,0.313561607,83.07272727272728,27.77121212121213,39.42424242424243
5,48.089393939393936,89.109090909091,48.08939393939401,53.03030303030301,15,3,0.215327356,0.313561607,84.6136363636364,25.818181818181756,44.03939393939395
5,48.089393939393936,89.109090909091,48.08939393939401,53.03030303030301,15,3,0.215327356,0.313561607,86.5484848484849,22.536363636363646,42.475757575757584
5,50.11060606060605,87.03484848484875,50.110606060606166,53.03030303030301,15,4,7.121246124,3.467069242,50.110606060606116,50.110606060606166,50.11060606060605
5,50.11060606060605,87.03484848484875,50.110606060606166,53.03030303030301,15,4,7.121246124,3.467069242,58.56515151515171,50.087878787878914,50.830303030303014
5,50.11060606060605,87.03484848484875,50.110606060606166,53.03030303030301,15,4,7.121246124,3.467069242,66.66212121212136,49.89696969696981,52.14090909090906
5,50.11060606060605,87.03484848484875,50.110606060606166,53.03030303030301,15,4,7.121246124,3.467069242,71.2545454545456,46.76666666666669,49.87424242424242
5,50.11060606060605,87.03484848484875,50.110606060606166,53.03030303030301,15,4,7.121246124,3.467069242,71.59696969696985,44.9939393939395,49.157575757575756
5,50.11060606060605,87.03484848484875,50.110606060606166,53.03030303030301,15,4,7.121246124,3.467069242,73.77272727272738,42.59848484848494,52.29696969696969
5,50.11060606060605,87.03484848484875,50.110606060606166,53.03030303030301,15,4,7.121246124,3.467069242,74.0136363636365,42.584848484848564,52.27727272727272
5,50.11060606060605,87.03484848484875,50.110606060606166,53.03030303030301,15,4,7.121246124,3.467069242,76.83484848484845,36.73636363636364,37.77575757575758
5,50.11060606060605,87.03484848484875,50.110606060606166,53.03030303030301,15,4,7.121246124,3.467069242,82.83787878787881,36.43939393939391,40.05757575757577
5,50.11060606060605,87.03484848484875,50.110606060606166,53.03030303030301,15,4,7.121246124,3.467069242,83.01212121212137,12.712121212121218,28.136363636363633
5,48.91060606060605,85.39242424242433,48.91060606060616,53.03030303030301,15,5,11.711458415,8.743094103,48.91060606060613,48.91060606060616,48.91060606060606
5,48.91060606060605,85.39242424242433,48.91060606060616,53.03030303030301,15,5,11.711458415,8.743094103,57.72727272727279,48.8924242424243,49.415151515151514
5,48.91060606060605,85.39242424242433,48.91060606060616,53.03030303030301,15,5,11.711458415,8.743094103,66.27878787878777,48.59393939393944,52.745454545454535
5,48.91060606060605,85.39242424242433,48.91060606060616,53.03030303030301,15,5,11.711458415,8.743094103,66.54545454545456,48.00303030303032,52.668181818181814
5,48.91060606060605,85.39242424242433,48.91060606060616,53.03030303030301,15,5,11.711458415,8.743094103,73.73939393939403,46.253030303030044,51.177272727272715
5,48.91060606060605,85.39242424242433,48.91060606060616,53.03030303030301,15,5,11.711458415,8.743094103,74.04242424242422,46.09545454545453,51.095454545454544
5,48.91060606060605,85.39242424242433,48.91060606060616,53.03030303030301,15,5,11.711458415,8.743094103,74.26515151515154,44.862121212121245,45.280303030303024
5,48.91060606060605,85.39242424242433,48.91060606060616,53.03030303030301,15,5,11.711458415,8.743094103,74.2878787878789,44.71666666666685,50.75151515151515
5,48.91060606060605,85.39242424242433,48.91060606060616,53.03030303030301,15,5,11.711458415,8.743094103,74.51060606060607,44.07424242424241,44.84545454545454
5,48.91060606060605,85.39242424242433,48.91060606060616,53.03030303030301,15,5,11.711458415,8.743094103,81.9969696969697,42.77272727272721,43.05151515151516
5,48.91060606060605,85.39242424242433,48.91060606060616,53.03030303030301,15,5,11.711458415,8.743094103,82.29848484848505,37.05757575757578,41.41515151515153
5,48.91060606060605,85.39242424242433,48.91060606060616,53.03030303030301,15,5,11.711458415,8.743094103,82.64393939393959,36.10757575757576,40.54848484848485
5,48.91060606060605,85.39242424242433,48.91060606060616,53.03030303030301,15,5,11.711458415,8.743094103,82.6606060606062,33.106060606060616,39.600000000000016
5,48.91060606060605,85.39242424242433,48.91060606060616,53.03030303030301,15,5,11.711458415,8.743094103,82.94848484848494,31.85303030303031,39.16212121212121
5,48.91060606060605,85.39242424242433,48.91060606060616,53.03030303030301,15,5,11.711458415,8.743094103,83.31060606060625,27.654545454545467,35.92575757575757
6,46.990909090909085,83.24696969696976,46.990909090909135,53.631818181818325,15,3,0.903081867,0.43173153,46.99090909090913,46.990909090909135,46.99090909090909
6,46.990909090909085,83.24696969696976,46.990909090909135,53.631818181818325,15,3,0.903081867,0.43173153,69.84242424242429,44.463636363636404,47.32424242424242
6,46.990909090909085,83.24696969696976,46.990909090909135,53.631818181818325,15,3,0.903081867,0.43173153,75.35757575757582,44.310606060606126,47.32424242424242
6,46.990909090909085,83.24696969696976,46.990909090909135,53.631818181818325,15,3,0.903081867,0.43173153,77.80303030303037,43.99545454545456,48.23939393939395
6,46.990909090909085,83.24696969696976,46.990909090909135,53.631818181818325,15,3,0.903081867,0.43173153,79.98030303030308,41.360606060606074,50.507575757575765
6,46.990909090909085,83.24696969696976,46.990909090909135,53.631818181818325,15,3,0.903081867,0.43173153,80.21666666666673,39.23787878787876,51.43181818181821
6,46.990909090909085,83.24696969696976,46.990909090909135,53.631818181818325,15,3,0.903081867,0.43173153,80.36212121212128,32.54242424242425,51.41515151515152
6,46.990909090909085,83.24696969696976,46.990909090909135,53.631818181818325,15,3,0.903081867,0.43173153,80.65303030303036,32.286363636363625,50.06363636363638
6,46.990909090909085,83.24696969696976,46.990909090909135,53.631818181818325,15,3,0.903081867,0.43173153,81.05303030303037,26.83939393939392,44.034848484848474
6,46.990909090909085,83.24696969696976,46.990909090909135,53.631818181818325,15,3,0.903081867,0.43173153,81.15000000000005,25.263636363636348,41.20454545454544
6,46.990909090909085,83.24696969696976,46.990909090909135,53.631818181818325,15,3,0.903081867,0.43173153,81.16212121212126,24.20454545454545,49.68333333333334
6,46.990909090909085,83.24696969696976,46.990909090909135,53.631818181818325,15,3,0.903081867,0.43173153,81.21363636363641,22.62878787878787,47.546969696969704
6,47.60757575757576,86.35151515151516,47.60757575757571,53.631818181818325,15,4,2.950865159,1.990749404,47.607575757575724,47.60757575757571,47.60757575757576
6,47.60757575757576,86.35151515151516,47.60757575757571,53.631818181818325,15,4,2.950865159,1.990749404,72.62121212121211,47.56969696969694,49.0060606060606
6,47.60757575757576,86.35151515151516,47.60757575757571,53.631818181818325,15,4,2.950865159,1.990749404,83.92272727272727,47.11515151515148,51.5318181818182
6,47.60757575757576,86.35151515151516,47.60757575757571,53.631818181818325,15,4,2.950865159,1.990749404,84.21363636363637,40.95757575757577,51.078787878787914
6,47.60757575757576,86.35151515151516,47.60757575757571,53.631818181818325,15,4,2.950865159,1.990749404,84.36515151515151,37.01818181818182,48.99696969696972
6,47.60757575757576,86.35151515151516,47.60757575757571,53.631818181818325,15,4,2.950865159,1.990749404,84.63939393939393,36.001515151515164,50.24242424242425
6,47.60757575757576,86.35151515151516,47.60757575757571,53.631818181818325,15,4,2.950865159,1.990749404,85.11060606060607,29.842424242424247,49.69696969696971
6,47.60757575757576,86.35151515151516,47.60757575757571,53.631818181818325,15,4,2.950865159,1.990749404,85.15454545454548,29.651515151515156,49.92575757575758
6,47.60757575757576,86.35151515151516,47.60757575757571,53.631818181818325,15,4,2.950865159,1.990749404,85.26212121212122,25.903030303030306,47.34090909090909
6,47.60757575757576,86.35151515151516,47.60757575757571,53.631818181818325,15,4,2.950865159,1.990749404,85.31363636363636,25.71212121212122,47.56969696969697
6,47.60757575757576,86.35151515151516,47.60757575757571,53.631818181818325,15,4,2.950865159,1.990749404,85.34545454545456,23.46969696969698,46.31212121212121
6,47.60757575757576,86.35151515151516,47.60757575757571,53.631818181818325,15,4,2.950865159,1.990749404,85.3969696969697,23.278787878787888,46.43787878787878
6,47.60757575757576,86.35151515151516,47.60757575757571,53.631818181818325,15,4,2.950865159,1.990749404,85.58181818181819,18.79393939393938,40.193939393939374
6,47.60757575757576,86.35151515151516,47.60757575757571,53.631818181818325,15,4,2.950865159,1.990749404,85.64090909090908,18.13484848484846,40.0590909090909
6,47.60757575757576,86.35151515151516,47.60757575757571,53.631818181818325,15,4,2.950865159,1.990749404,85.68484848484847,17.39393939393939,39.61969696969695
6,51.07121212121215,83.46893939393944,51.07121212121216,53.631818181818325,15,5,22.581079383,20.376397903,51.07121212121211,51.07121212121216,51.07121212121214
6,51.07121212121215,83.46893939393944,51.07121212121216,53.631818181818325,15,5,22.581079383,20.376397903,68.21363636363644,51.03333333333342,51.921212121212136
6,51.07121212121215,83.46893939393944,51.07121212121216,53.631818181818325,15,5,22.581079383,20.376397903,72.60757575757579,50.283333333333395,51.94848484848487
6,51.07121212121215,83.46893939393944,51.07121212121216,53.631818181818325,15,5,22.581079383,20.376397903,73.67727272727276,50.072727272727356,52.79242424242427
6,51.07121212121215,83.46893939393944,51.07121212121216,53.631818181818325,15,5,22.581079383,20.376397903,73.87424242424244,48.524242424242466,52.004545454545465
6,51.07121212121215,83.46893939393944,51.07121212121216,53.631818181818325,15,5,22.581079383,20.376397903,74.97878787878793,45.43939393939395,49.59696969696971
6,51.07121212121215,83.46893939393944,51.07121212121216,53.631818181818325,15,5,22.581079383,20.376397903,75.85151515151517,44.99242424242426,51.500000000000014
6,51.07121212121215,83.46893939393944,51.07121212121216,53.631818181818325,15,5,22.581079383,20.376397903,76.04848484848488,44.97121212121213,50.58939393939395
6,51.07121212121215,83.46893939393944,51.07121212121216,53.631818181818325,15,5,22.581079383,20.376397903,79.70606060606053,44.918181818181765,46.37878787878789
6,51.07121212121215,83.46893939393944,51.07121212121216,53.631818181818325,15,5,22.581079383,20.376397903,80.21818181818182,40.19090909090907,44.715151515151526
6,51.07121212121215,83.46893939393944,51.07121212121216,53.631818181818325,15,5,22.581079383,20.376397903,81.97878787878784,36.78030303030299,44.90454545454545
6,51.07121212121215,83.46893939393944,51.07121212121216,53.631818181818325,15,5,22.581079383,20.376397903,82.45681818181822,32.05303030303028,42.69848484848484
7,47.76969696969704,80.65757575757578,47.76969696969701,48.39696969696995,15,3,0.275849922,0.253839718,47.76969696969701,47.76969696969701,47.769696969697044
7,47.76969696969704,80.65757575757578,47.76969696969701,48.39696969696995,15,3,0.275849922,0.253839718,58.73636363636361,47.70757575757579,48.10151515151522
7,47.76969696969704,80.65757575757578,47.76969696969701,48.39696969696995,15,3,0.275849922,0.253839718,60.12878787878785,43.49242424242432,46.866666666666745
7,47.76969696969704,80.65757575757578,47.76969696969701,48.39696969696995,15,3,0.275849922,0.253839718,64.53181818181824,40.7909090909091,41.12878787878789
7,47.76969696969704,80.65757575757578,47.76969696969701,48.39696969696995,15,3,0.275849922,0.253839718,64.57575757575763,39.939393939393966,41.06363636363638
7,47.76969696969704,80.65757575757578,47.76969696969701,48.39696969696995,15,3,0.275849922,0.253839718,69.62272727272733,39.581818181818186,42.71363636363637
7,47.76969696969704,80.65757575757578,47.76969696969701,48.39696969696995,15,3,0.275849922,0.253839718,71.5015151515152,25.683333333333355,39.292424242424225
7,47.76969696969704,80.65757575757578,47.76969696969701,48.39696969696995,15,3,0.275849922,0.253839718,76.37424242424244,24.960606060606082,43.93181818181818
7,47.76969696969704,80.65757575757578,47.76969696969701,48.39696969696995,15,3,0.275849922,0.253839718,76.71969696969698,23.315151515151534,42.96969696969696
7,43.45909090909091,87.05454545454556,43.45909090909096,48.39696969696995,15,4,5.123584204,0.825968781,43.45909090909094,43.45909090909096,43.459090909090904
7,43.45909090909091,87.05454545454556,43.45909090909096,48.39696969696995,15,4,5.123584204,0.825968781,84.36515151515164,43.093939393939436,43.8060606060606
7,43.45909090909091,87.05454545454556,43.45909090909096,48.39696969696995,15,4,5.123584204,0.825968781,86.1060606060607,37.66212121212126,39.75757575757578
7,43.45909090909091,87.05454545454556,43.45909090909096,48.39696969696995,15,4,5.123584204,0.825968781,86.2318181818183,25.313636363636366,37.98787878787878
7,43.45909090909091,87.05454545454556,43.45909090909096,48.39696969696995,15,4,5.123584204,0.825968781,86.43030303030315,16.239393939393935,26.575757575757578
7,43.45909090909091,87.05454545454556,43.45909090909096,48.39696969696995,15,4,5.123584204,0.825968781,86.52121212121224,15.163636363636359,26.65454545454546
7,43.45909090909091,87.05454545454556,43.45909090909096,48.39696969696995,15,4,5.123584204,0.825968781,86.63030303030317,13.745454545454542,25.231818181818184
7,46.07121212121216,80.03636363636373,46.0712121212123,48.39696969696995,15,5,16.147738603,60.913160937,46.07121212121224,46.0712121212123,46.07121212121217
7,46.07121212121216,80.03636363636373,46.0712121212123,48.39696969696995,15,5,16.147738603,60.913160937,49.60454545454554,46.069696969697056,46.30303030303034
7,46.07121212121216,80.03636363636373,46.0712121212123,48.39696969696995,15,5,16.147738603,60.913160937,49.85909090909105,46.025757575757694,46.557575757575805
7,46.07121212121216,80.03636363636373,46.0712121212123,48.39696969696995,15,5,16.147738603,60.913160937,55.757575757575836,45.55303030303038,48.162121212121264
7,46.07121212121216,80.03636363636373,46.0712121212123,48.39696969696995,15,5,16.147738603,60.913160937,55.87727272727281,44.94848484848493,48.10000000000005
7,46.07121212121216,80.03636363636373,46.0712121212123,48.39696969696995,15,5,16.147738603,60.913160937,55.96666666666674,44.948484848484924,48.087878787878836
7,46.07121212121216,80.03636363636373,46.0712121212123,48.39696969696995,15,5,16.147738603,60.913160937,56.04545454545462,44.321212121212284,48.01363636363641
7,46.07121212121216,80.03636363636373,46.0712121212123,48.39696969696995,15,5,16.147738603,60.913160937,56.134848484848554,44.32121212121221,48.00151515151519
7,46.07121212121216,80.03636363636373,46.0712121212123,48.39696969696995,15,5,16.147738603,60.913160937,57.02575757575763,44.218181818181904,47.57575757575762
7,46.07121212121216,80.03636363636373,46.0712121212123,48.39696969696995,15,5,16.147738603,60.913160937,57.40303030303049,44.15606060606071,47.406060606060656
7,46.07121212121216,80.03636363636373,46.0712121212123,48.39696969696995,15,5,16.147738603,60.913160937,61.86969696969702,43.703030303030395,48.368181818181895
7,46.07121212121216,80.03636363636373,46.0712121212123,48.39696969696995,15,5,16.147738603,60.913160937,61.95909090909111,43.075757575757656,48.35606060606068
7,46.07121212121216,80.03636363636373,46.0712121212123,48.39696969696995,15,5,16.147738603,60.913160937,62.096969696969786,42.44848484848491,48.28939393939401
7,46.07121212121216,80.03636363636373,46.0712121212123,48.39696969696995,15,5,16.147738603,60.913160937,62.18636363636372,41.82121212121221,48.2772727272728
7,46.07121212121216,80.03636363636373,46.0712121212123,48.39696969696995,15,5,16.147738603,60.913160937,68.06515151515161,39.628787878787925,41.63484848484848
7,46.07121212121216,80.03636363636373,46.0712121212123,48.39696969696995,15,5,16.147738603,60.913160937,68.67424242424248,37.41212121212129,41.687878787878795
7,46.07121212121216,80.03636363636373,46.0712121212123,48.39696969696995,15,5,16.147738603,60.913160937,69.72272727272738,35.52878787878795,40.53030303030303
7,46.07121212121216,80.03636363636373,46.0712121212123,48.39696969696995,15,5,16.147738603,60.913160937,70.3318181818183,33.31212121212124,40.38181818181819
7,46.07121212121216,80.03636363636373,46.0712121212123,48.39696969696995,15,5,16.147738603,60.913160937,76.21666666666677,23.628787878787943,42.88636363636363
7,46.07121212121216,80.03636363636373,46.0712121212123,48.39696969696995,15,5,16.147738603,60.913160937,76.77575757575767,21.412121212121296,42.9121212121212
7,46.07121212121216,80.03636363636373,46.0712121212123,48.39696969696995,15,5,16.147738603,60.913160937,78.08939393939396,19.52878787878795,41.8181818181818
7,46.07121212121216,80.03636363636373,46.0712121212123,48.39696969696995,15,5,16.147738603,60.913160937,78.64848484848498,17.312121212121287,41.6681818181818
8,51.38181818181816,83.56818181818194,51.38181818181826,51.73787878787879,15,3,0.321455845,0.358626257,51.38181818181816,51.38181818181826,51.38181818181816
8,51.38181818181816,83.56818181818194,51.38181818181826,51.73787878787879,15,3,0.321455845,0.358626257,51.64393939393945,51.37878787878796,51.48181818181816
8,51.38181818181816,83.56818181818194,51.38181818181826,51.73787878787879,15,3,0.321455845,0.358626257,72.40303030303039,50.02575757575765,51.73787878787877
8,51.38181818181816,83.56818181818194,51.38181818181826,51.73787878787879,15,3,0.321455845,0.358626257,73.41212121212124,45.81060606060604,51.318181818181806
8,51.38181818181816,83.56818181818194,51.38181818181826,51.73787878787879,15,3,0.321455845,0.358626257,74.89848484848494,41.593939393939465,51.012121212121215
8,51.38181818181816,83.56818181818194,51.38181818181826,51.73787878787879,15,3,0.321455845,0.358626257,76.49545454545454,41.00909090909096,49.66818181818184
8,51.38181818181816,83.56818181818194,51.38181818181826,51.73787878787879,15,3,0.321455845,0.358626257,77.6227272727274,40.3545454545455,48.78030303030307
8,51.38181818181816,83.56818181818194,51.38181818181826,51.73787878787879,15,3,0.321455845,0.358626257,78.36060606060617,33.065151515151534,46.31515151515151
8,51.38181818181816,83.56818181818194,51.38181818181826,51.73787878787879,15,3,0.321455845,0.358626257,79.71666666666677,22.233333333333334,48.413636363636385
8,51.38181818181816,83.56818181818194,51.38181818181826,51.73787878787879,15,3,0.321455845,0.358626257,80.528787878788,20.81515151515159,45.81666666666668
8,51.38181818181816,83.56818181818194,51.38181818181826,51.73787878787879,15,3,0.321455845,0.358626257,80.55000000000007,19.474242424242448,44.90454545454547
8,51.38181818181816,83.56818181818194,51.38181818181826,51.73787878787879,15,3,0.321455845,0.358626257,80.62575757575769,18.84696969696972,47.454545454545475
8,51.38181818181816,83.56818181818194,51.38181818181826,51.73787878787879,15,3,0.321455845,0.358626257,81.45909090909103,18.746969696969657,42.81363636363638
8,51.38181818181816,83.56818181818194,51.38181818181826,51.73787878787879,15,3,0.321455845,0.358626257,82.28333333333346,11.833333333333332,38.02424242424244
8,47.65151515151516,82.0212121212122,47.65151515151519,51.73787878787879,15,4,2.594520927,2.116682178,47.6515151515152,47.65151515151519,47.651515151515156
8,47.65151515151516,82.0212121212122,47.65151515151519,51.73787878787879,15,4,2.594520927,2.116682178,64.86818181818185,47.63030303030305,49.43787878787879
8,47.65151515151516,82.0212121212122,47.65151515151519,51.73787878787879,15,4,2.594520927,2.116682178,65.3787878787879,45.148484848484884,48.72272727272727
8,47.65151515151516,82.0212121212122,47.65151515151519,51.73787878787879,15,4,2.594520927,2.116682178,66.89242424242428,43.97121212121215,49.07878787878789
8,47.65151515151516,82.0212121212122,47.65151515151519,51.73787878787879,15,4,2.594520927,2.116682178,67.40303030303035,41.48939393939394,48.25000000000002
8,46.27878787878792,83.1272727272729,46.27878787878795,51.73787878787879,15,5,28.803088568,48.772016411,46.27878787878796,46.27878787878795,46.27878787878792
8,46.27878787878792,83.1272727272729,46.27878787878795,51.73787878787879,15,5,28.803088568,48.772016411,54.251515151515214,46.16666666666675,47.27424242424246
8,46.27878787878792,83.1272727272729,46.27878787878795,51.73787878787879,15,5,28.803088568,48.772016411,62.66969696969702,46.00000000000007,46.26818181818183
8,46.27878787878792,83.1272727272729,46.27878787878795,51.73787878787879,15,5,28.803088568,48.772016411,62.92727272727284,45.506060606060615,49.81666666666668
8,46.27878787878792,83.1272727272729,46.27878787878795,51.73787878787879,15,5,28.803088568,48.772016411,63.675000000000104,44.92575757575764,46.39696969696972
8,46.27878787878792,83.1272727272729,46.27878787878795,51.73787878787879,15,5,28.803088568,48.772016411,63.95000000000009,44.848484848484915,47.61666666666669
8,46.27878787878792,83.1272727272729,46.27878787878795,51.73787878787879,15,5,28.803088568,48.772016411,69.57878787878794,43.360606060606116,45.63939393939394
8,46.27878787878792,83.1272727272729,46.27878787878795,51.73787878787879,15,5,28.803088568,48.772016411,70.25757575757581,42.15757575757584,47.618181818181824
8,46.27878787878792,83.1272727272729,46.27878787878795,51.73787878787879,15,5,28.803088568,48.772016411,70.30909090909101,39.62575757575756,44.17575757575757
8,46.27878787878792,83.1272727272729,46.27878787878795,51.73787878787879,15,5,28.803088568,48.772016411,75.10606060606072,38.99242424242432,47.466666666666676
8,46.27878787878792,83.1272727272729,46.27878787878795,51.73787878787879,15,5,28.803088568,48.772016411,75.86212121212128,38.992424242424306,49.028787878787874
8,46.27878787878792,83.1272727272729,46.27878787878795,51.73787878787879,15,5,28.803088568,48.772016411,75.87727272727285,28.91969696969688,49.67272727272727
8,46.27878787878792,83.1272727272729,46.27878787878795,51.73787878787879,15,5,28.803088568,48.772016411,76.60454545454546,28.61666666666674,47.26969696969698
8,46.27878787878792,83.1272727272729,46.27878787878795,51.73787878787879,15,5,28.803088568,48.772016411,76.8136363636365,28.616666666666735,45.18030303030304
8,46.27878787878792,83.1272727272729,46.27878787878795,51.73787878787879,15,5,28.803088568,48.772016411,77.27575757575771,28.566666666666727,48.47424242424242
8,46.27878787878792,83.1272727272729,46.27878787878795,51.73787878787879,15,5,28.803088568,48.772016411,78.87575757575769,26.583333333333407,48.413636363636385
8,46.27878787878792,83.1272727272729,46.27878787878795,51.73787878787879,15,5,28.803088568,48.772016411,79.21666666666675,26.583333333333403,47.85757575757578
8,46.27878787878792,83.1272727272729,46.27878787878795,51.73787878787879,15,5,28.803088568,48.772016411,79.40757575757581,26.583333333333396,46.58484848484849
8,46.27878787878792,83.1272727272729,46.27878787878795,51.73787878787879,15,5,28.803088568,48.772016411,80.08636363636377,23.492424242424246,45.64545454545456
8,46.27878787878792,83.1272727272729,46.27878787878795,51.73787878787879,15,5,28.803088568,48.772016411,80.64696969696973,21.08787878787889,43.79545454545455
8,46.27878787878792,83.1272727272729,46.27878787878795,51.73787878787879,15,5,28.803088568,48.772016411,81.12575757575765,18.90606060606061,44.32424242424242
8,46.27878787878792,83.1272727272729,46.27878787878795,51.73787878787879,15,5,28.803088568,48.772016411,81.31666666666672,18.906060606060603,42.88484848484848
8,46.27878787878792,83.1272727272729,46.27878787878795,51.73787878787879,15,5,28.803088568,48.772016411,81.52121212121223,13.510606060606065,42.151515151515156
8,46.27878787878792,83.1272727272729,46.27878787878795,51.73787878787879,15,5,28.803088568,48.772016411,81.6136363636364,10.839393939393974,44.489393939393935
8,46.27878787878792,83.1272727272729,46.27878787878795,51.73787878787879,15,5,28.803088568,48.772016411,82.12727272727282,10.712121212121286,40.53484848484848
8,46.27878787878792,83.1272727272729,46.27878787878795,51.73787878787879,15,5,28.803088568,48.772016411,82.59393939393951,10.174242424242424,42.489393939393935
8,46.27878787878792,83.1272727272729,46.27878787878795,51.73787878787879,15,5,28.803088568,48.772016411,82.80606060606071,8.906060606060501,39.18333333333334
9,50.21363636363638,82.62727272727278,50.21363636363638,51.16212121212131,15,3,0.174819904,0.379222941,50.21363636363638,50.21363636363638,50.21363636363638
9,50.21363636363638,82.62727272727278,50.21363636363638,51.16212121212131,15,3,0.174819904,0.379222941,68.39848484848487,49.98636363636364,50.4757575757576
9,50.21363636363638,82.62727272727278,50.21363636363638,51.16212121212131,15,3,0.174819904,0.379222941,73.55454545454548,38.44090909090909,42.986363636363635
9,50.21363636363638,82.62727272727278,50.21363636363638,51.16212121212131,15,3,0.174819904,0.379222941,78.48484848484853,35.303030303030226,45.43181818181816
9,50.21363636363638,82.62727272727278,50.21363636363638,51.16212121212131,15,3,0.174819904,0.379222941,78.65757575757576,35.25757575757569,45.31666666666665
9,50.21363636363638,82.62727272727278,50.21363636363638,51.16212121212131,15,3,0.174819904,0.379222941,78.73333333333336,35.151515151515085,44.60454545454543
9,50.21363636363638,82.62727272727278,50.21363636363638,51.16212121212131,15,3,0.174819904,0.379222941,78.75454545454546,35.09999999999993,43.837878787878765
9,50.21363636363638,82.62727272727278,50.21363636363638,51.16212121212131,15,3,0.174819904,0.379222941,79.26969696969701,19.35454545454546,43.975757575757555
9,50.21363636363638,82.62727272727278,50.21363636363638,51.16212121212131,15,3,0.174819904,0.379222941,79.34545454545454,19.087878787878793,42.74848484848483
9,50.21363636363638,82.62727272727278,50.21363636363638,51.16212121212131,15,3,0.174819904,0.379222941,79.3666666666667,18.97575757575758,41.25757575757573
9,50.21363636363638,82.62727272727278,50.21363636363638,51.16212121212131,15,3,0.174819904,0.379222941,80.36666666666677,17.30151515151515,40.17727272727272
9,50.21363636363638,82.62727272727278,50.21363636363638,51.16212121212131,15,3,0.174819904,0.379222941,80.79696969696973,15.922727272727272,40.24090909090908
9,50.21363636363638,82.62727272727278,50.21363636363638,51.16212121212131,15,3,0.174819904,0.379222941,80.86666666666672,15.722727272727274,38.677272727272715
9,50.21363636363638,82.62727272727278,50.21363636363638,51.16212121212131,15,3,0.174819904,0.379222941,80.88181818181822,15.704545454545457,39.930303030303016
9,50.21363636363638,82.62727272727278,50.21363636363638,51.16212121212131,15,3,0.174819904,0.379222941,80.92727272727284,15.522727272727275,38.36666666666665
9,50.21363636363638,82.62727272727278,50.21363636363638,51.16212121212131,15,3,0.174819904,0.379222941,80.94545454545458,15.440909090909095,36.04242424242423
9,50.25757575757575,82.5409090909091,50.25757575757583,51.16212121212131,15,4,1.919076508,6.615103489,50.257575757575765,50.25757575757583,50.25757575757575
9,50.25757575757575,82.5409090909091,50.25757575757583,51.16212121212131,15,4,1.919076508,6.615103489,54.45757575757586,50.046969696969725,50.531818181818174
9,50.25757575757575,82.5409090909091,50.25757575757583,51.16212121212131,15,4,1.919076508,6.615103489,65.3878787878788,49.98787878787881,50.72121212121211
9,50.25757575757575,82.5409090909091,50.25757575757583,51.16212121212131,15,4,1.919076508,6.615103489,65.73636363636363,48.64090909090912,50.18484848484848
9,50.25757575757575,82.5409090909091,50.25757575757583,51.16212121212131,15,4,1.919076508,6.615103489,65.86515151515158,46.99696969696973,48.61515151515153
9,50.25757575757575,82.5409090909091,50.25757575757583,51.16212121212131,15,4,1.919076508,6.615103489,65.89242424242424,46.17727272727275,50.55151515151516
9,50.25757575757575,82.5409090909091,50.25757575757583,51.16212121212131,15,4,1.919076508,6.615103489,66.10909090909104,44.84545454545459,48.040909090909125
9,50.25757575757575,82.5409090909091,50.25757575757583,51.16212121212131,15,4,1.919076508,6.615103489,67.38787878787879,44.3636363636364,50.05909090909091
9,50.25757575757575,82.5409090909091,50.25757575757583,51.16212121212131,15,4,1.919076508,6.615103489,67.68484848484849,43.01666666666668,49.52272727272728
9,50.25757575757575,82.5409090909091,50.25757575757583,51.16212121212131,15,4,1.919076508,6.615103489,67.82424242424248,40.943939393939445,45.70000000000004
9,50.25757575757575,82.5409090909091,50.25757575757583,51.16212121212131,15,4,1.919076508,6.615103489,68.5969696969697,40.650000000000034,49.13484848484849
9,50.25757575757575,82.5409090909091,50.25757575757583,51.16212121212131,15,4,1.919076508,6.615103489,68.69242424242428,40.165151515151535,49.27424242424243
9,50.25757575757575,82.5409090909091,50.25757575757583,51.16212121212131,15,4,1.919076508,6.615103489,68.73181818181818,39.60303030303026,46.80000000000003
9,50.25757575757575,82.5409090909091,50.25757575757583,51.16212121212131,15,4,1.919076508,6.615103489,68.89393939393943,39.316666666666706,48.38939393939394
9,50.25757575757575,82.5409090909091,50.25757575757583,51.16212121212131,15,4,1.919076508,6.615103489,68.98333333333332,37.50909090909095,45.71969696969701
9,50.25757575757575,82.5409090909091,50.25757575757583,51.16212121212131,15,4,1.919076508,6.615103489,69.77121212121212,36.903030303030334,48.34696969696972
9,50.25757575757575,82.5409090909091,50.25757575757583,51.16212121212131,15,4,1.919076508,6.615103489,70.0121212121212,35.927272727272765,48.51818181818184
9,50.25757575757575,82.5409090909091,50.25757575757583,51.16212121212131,15,4,1.919076508,6.615103489,70.21363636363637,35.566666666666684,47.60151515151517
9,50.25757575757575,82.5409090909091,50.25757575757583,51.16212121212131,15,4,1.919076508,6.615103489,70.56666666666666,34.0439393939393,47.03939393939396
9,50.25757575757575,82.5409090909091,50.25757575757583,51.16212121212131,15,4,1.919076508,6.615103489,71.11818181818182,32.521212121212145,45.86060606060609
9,50.25757575757575,82.5409090909091,50.25757575757583,51.16212121212131,15,4,1.919076508,6.615103489,71.32878787878789,29.831818181818246,41.97272727272733
9,50.25757575757575,82.5409090909091,50.25757575757583,51.16212121212131,15,4,1.919076508,6.615103489,71.4939393939394,29.37727272727274,40.65757575757582
9,48.624242424242425,74.10454545454563,48.62424242424261,51.16212121212131,15,5,14.948045895,19.189812997,48.62424242424266,48.62424242424261,48.624242424242425
9,48.624242424242425,74.10454545454563,48.62424242424261,51.16212121212131,15,5,14.948045895,19.189812997,50.99090909090875,48.289393939394074,48.74848484848485
9,48.624242424242425,74.10454545454563,48.62424242424261,51.16212121212131,15,5,14.948045895,19.189812997,55.057575757576004,45.99545454545456,48.2787878787879
9,48.624242424242425,74.10454545454563,48.62424242424261,51.16212121212131,15,5,14.948045895,19.189812997,57.73484848484878,45.95454545454563,46.99696969696973
9,48.624242424242425,74.10454545454563,48.62424242424261,51.16212121212131,15,5,14.948045895,19.189812997,58.07121212121211,45.954545454545595,48.61212121212124
9,48.624242424242425,74.10454545454563,48.62424242424261,51.16212121212131,15,5,14.948045895,19.189812997,64.25757575757603,45.45757575757581,50.88787878787879
9,48.624242424242425,74.10454545454563,48.62424242424261,51.16212121212131,15,5,14.948045895,19.189812997,65.09393939393952,42.75303030303046,50.32121212121214
9,48.624242424242425,74.10454545454563,48.62424242424261,51.16212121212131,15,5,14.948045895,19.189812997,65.94393939393953,42.33484848484863,49.15151515151517
9,48.624242424242425,74.10454545454563,48.62424242424261,51.16212121212131,15,5,14.948045895,19.189812997,66.5212121212123,40.26818181818202,48.71666666666666
9,48.624242424242425,74.10454545454563,48.62424242424261,51.16212121212131,15,5,14.948045895,19.189812997,68.10151515151539,39.178787878787986,49.35303030303031
9,48.624242424242425,74.10454545454563,48.62424242424261,51.16212121212131,15,5,14.948045895,19.189812997,69.49242424242433,31.939393939393966,44.540909090909096
9,48.624242424242425,74.10454545454563,48.62424242424261,51.16212121212131,15,5,14.948045895,19.189812997,71.00909090909109,31.442424242424146,48.28030303030303
9,48.624242424242425,74.10454545454563,48.62424242424261,51.16212121212131,15,5,14.948045895,19.189812997,72.15454545454557,23.50757575757591,46.395454545454534
9,48.624242424242425,74.10454545454563,48.62424242424261,51.16212121212131,15,5,14.948045895,19.189812997,73.9272727272729,20.146969696969855,44.41060606060604
10,51.6,82.30757575757579,51.60000000000003,54.700000000000024,15,3,0.493939257,0.797979527,51.60000000000003,51.60000000000003,51.599999999999994
10,51.6,82.30757575757579,51.60000000000003,54.700000000000024,15,3,0.493939257,0.797979527,67.29090909090915,51.2318181818182,51.23181818181818
10,51.6,82.30757575757579,51.60000000000003,54.700000000000024,15,3,0.493939257,0.797979527,67.80606060606065,49.201515151515146,51.20909090909091
10,51.6,82.30757575757579,51.60000000000003,54.700000000000024,15,3,0.493939257,0.797979527,70.79545454545458,45.60909090909094,54.55909090909092
10,51.6,82.30757575757579,51.60000000000003,54.700000000000024,15,3,0.493939257,0.797979527,70.81666666666673,45.1757575757576,54.49242424242425
10,51.6,82.30757575757579,51.60000000000003,54.700000000000024,15,3,0.493939257,0.797979527,72.59090909090912,42.44090909090911,45.60606060606062
10,51.6,82.30757575757579,51.60000000000003,54.700000000000024,15,3,0.493939257,0.797979527,73.72575757575761,33.58939393939398,50.43181818181818
10,51.6,82.30757575757579,51.60000000000003,54.700000000000024,15,3,0.493939257,0.797979527,73.74696969696974,33.21666666666667,50.365151515151524
10,51.6,82.30757575757579,51.60000000000003,54.700000000000024,15,3,0.493939257,0.797979527,74.02121212121214,32.15909090909094,49.53333333333334
10,51.6,82.30757575757579,51.60000000000003,54.700000000000024,15,3,0.493939257,0.797979527,74.04242424242426,31.78636363636364,49.466666666666676
10,51.6,82.30757575757579,51.60000000000003,54.700000000000024,15,3,0.493939257,0.797979527,74.9515151515152,26.392424242424244,47.23333333333333
10,51.6,82.30757575757579,51.60000000000003,54.700000000000024,15,3,0.493939257,0.797979527,74.9727272727273,26.357575757575763,47.166666666666664
10,49.8848484848485,73.72575757575763,49.8848484848485,54.700000000000024,15,4,1.262743207,1.613719655,49.8848484848485,49.8848484848485,49.88484848484849
10,49.8848484848485,73.72575757575763,49.8848484848485,54.700000000000024,15,4,1.262743207,1.613719655,57.44545454545456,49.66666666666671,52.086363636363636
10,49.8848484848485,73.72575757575763,49.8848484848485,54.700000000000024,15,4,1.262743207,1.613719655,57.886363636363654,48.54848484848487,51.57272727272728
10,49.8848484848485,73.72575757575763,49.8848484848485,54.700000000000024,15,4,1.262743207,1.613719655,58.16212121212123,47.936363636363645,47.940909090909116
10,49.8848484848485,73.72575757575763,49.8848484848485,54.700000000000024,15,4,1.262743207,1.613719655,60.14848484848488,47.250000000000014,49.94545454545455
10,49.8848484848485,73.72575757575763,49.8848484848485,54.700000000000024,15,4,1.262743207,1.613719655,60.75303030303033,44.57878787878794,49.51818181818183
10,49.8848484848485,73.72575757575763,49.8848484848485,54.700000000000024,15,4,1.262743207,1.613719655,61.01060606060608,43.33333333333335,48.6969696969697
10,49.8848484848485,73.72575757575763,49.8848484848485,54.700000000000024,15,4,1.262743207,1.613719655,61.210606060606075,41.6939393939394,49.00303030303032
10,49.8848484848485,73.72575757575763,49.8848484848485,54.700000000000024,15,4,1.262743207,1.613719655,61.46818181818187,40.44848484848486,48.1818181818182
10,49.8848484848485,73.72575757575763,49.8848484848485,54.700000000000024,15,4,1.262743207,1.613719655,62.9287878787879,38.101515151515144,41.26363636363641
10,49.8848484848485,73.72575757575763,49.8848484848485,54.700000000000024,15,4,1.262743207,1.613719655,63.319696969697,36.66969696969694,41.18939393939399
10,49.8848484848485,73.72575757575763,49.8848484848485,54.700000000000024,15,4,1.262743207,1.613719655,63.777272727272766,33.78181818181815,40.63939393939399
10,48.8939393939394,78.72272727272735,48.893939393939476,54.700000000000024,15,5,27.615759486,7.175646414,48.893939393939476,48.893939393939476,48.89393939393939
10,48.8939393939394,78.72272727272735,48.893939393939476,54.700000000000024,15,5,27.615759486,7.175646414,60.91212121212131,48.62121212121219,49.168181818181814
10,48.8939393939394,78.72272727272735,48.893939393939476,54.700000000000024,15,5,27.615759486,7.175646414,61.48030303030313,44.61212121212128,47.42121212121212
10,48.8939393939394,78.72272727272735,48.893939393939476,54.700000000000024,15,5,27.615759486,7.175646414,72.10909090909092,42.280303030303095,53.953030303030296
10,48.8939393939394,78.72272727272735,48.893939393939476,54.700000000000024,15,5,27.615759486,7.175646414,72.78939393939405,37.28181818181823,51.646969696969684
10,48.8939393939394,78.72272727272735,48.893939393939476,54.700000000000024,15,5,27.615759486,7.175646414,74.60151515151527,35.59848484848491,54.10909090909091
