iter,max_previous_assortments,estimated_revenue,worst_case_revenue,best_case_revenue,n
1,0.5758182794532318,0.5785874598803463,0.4672316393034195,0.6001559080388759,4
2,0.2560842905460649,0.2560842905460649,0.2560842905460649,0.2560842905460649,4
3,0.5509517779549784,0.5509517779549784,0.5509517779549784,0.5509517779549784,4
4,0.2197872469075809,0.2197872469075809,0.2197872469075809,0.2197872469075809,4
5,0.38466694848517624,0.3846669484851761,0.3846669484851761,0.3846669484851761,4
6,0.3801408648452535,0.40499127916880595,0.2926628790733131,0.42509602744056774,4
7,0.5718810966487545,0.5718810966487545,0.5718810966487545,0.5718810966487545,4
8,0.4158545426977319,0.4409745127532217,0.31197506350957677,0.47048228359914346,4
9,0.480199438265108,0.48019943826510797,0.4801994382651079,0.48019943826510797,4
10,0.29927680762933506,0.3016943648589915,0.24146018633808064,0.32195845414057783,4
11,0.41712743232215593,0.41712743232215593,0.417127432322156,0.417127432322156,4
12,0.5213081407576221,0.5213081407576221,0.5213081407576221,0.5213081407576221,4
13,0.3684468195199404,0.36844681951994035,0.3684468195199404,0.36844681951994035,4
14,0.503534840615199,0.5035348406151988,0.5035348406151988,0.5035348406151988,4
15,0.6141211200982353,0.614121120098235,0.6141211200982352,0.6141211200982352,4
16,0.13681601242655267,0.13681601242655264,0.13681601242655264,0.13681601242655264,4
17,0.4378398225285647,0.47043942451953774,0.34262308781410095,0.4993392111642843,4
18,0.48359862598310677,0.4835986259831066,0.48359862598310666,0.48359862598310666,4
19,0.5454104643935984,0.5454104643935984,0.5454104643935985,0.5454104643935985,4
20,0.4346317405990786,0.4540960613853424,0.33247553945820185,0.4667204922069126,4
21,0.6485431353145336,0.6485431353145334,0.6485431353145334,0.6485431353145334,4
22,0.2920168439342195,0.2920168439342196,0.2920168439342196,0.2920168439342196,4
23,0.5440495405637726,0.5440495405637726,0.5440495405637725,0.5440495405637725,4
24,0.48294213408543785,0.48294213408543796,0.48294213408543796,0.48294213408543796,4
25,0.671552097696579,0.6715520976965792,0.6715520976965792,0.6715520976965792,4
26,0.20368089504273096,0.22703300432524104,0.16294301685954687,0.23364215052105292,4
27,0.6180463073626852,0.6180463073626852,0.6180463073626853,0.6180463073626853,4
28,0.5678365206397185,0.5678365206397183,0.5678365206397183,0.5678365206397183,4
29,0.4632546091517189,0.46325460915171884,0.46325460915171884,0.46325460915171884,4
30,0.5064339391904926,0.5064339391904927,0.5064339391904927,0.5064339391904927,4
31,0.5978388776371328,0.597838877637133,0.597838877637133,0.597838877637133,4
32,0.5635464936882154,0.5635464936882156,0.5635464936882155,0.5635464936882155,4
33,0.4128903530935024,0.4128903530935023,0.4128903530935023,0.4128903530935023,4
34,0.5924924670342078,0.5924924670342079,0.5924924670342078,0.5924924670342078,4
35,0.3821253555109948,0.412913152468312,0.3055133193359033,0.4292843887285306,4
36,0.6442525314224363,0.6442525314224363,0.6442525314224364,0.6442525314224364,4
37,0.6796582395664719,0.6796582395664718,0.6796582395664718,0.6796582395664718,4
38,0.4520891262185277,0.4520891262185278,0.4520891262185278,0.4520891262185278,4
39,0.22145707436880596,0.22145707436880602,0.221457074368806,0.221457074368806,4
40,0.5320202254789904,0.5826789639820313,0.45469918351113736,0.6022462734230527,4
41,0.4968018600115567,0.4968018600115564,0.49680186001155635,0.49680186001155635,4
42,0.33490903131358996,0.33490903131358984,0.33490903131358984,0.33490903131358984,4
43,0.4982377246897944,0.49823772468979455,0.49823772468979455,0.49823772468979455,4
44,0.5354982972365296,0.557760448644333,0.4268188271576666,0.5761829382313828,4
45,0.6981994576821042,0.698199457682104,0.698199457682104,0.698199457682104,4
46,0.6057046528104966,0.6057046528104965,0.6057046528104965,0.6057046528104965,4
47,0.6076899159781737,0.6076899159781737,0.6076899159781738,0.6076899159781737,4
48,0.6182921682038556,0.6182921682038557,0.6182921682038557,0.6182921682038557,4
49,0.4660147443017843,0.5172778995174542,0.38354069235317156,0.5578941127212002,4
50,0.3468258719500137,0.34682587195001374,0.3468258719500136,0.3468258719500136,4
51,0.698956452235525,0.7029132871971605,0.5235897030678562,0.7077295265855672,4
52,0.5040583728829722,0.5040583728829723,0.5040583728829723,0.5040583728829723,4
53,0.4782801247390897,0.481460921875127,0.4053222104463382,0.5303687555608905,4
54,0.4687962312309236,0.4687962312309233,0.4687962312309234,0.4687962312309234,4
55,0.5415866966493684,0.5415866966493685,0.5415866966493685,0.5415866966493685,4
56,0.5325156360515417,0.532515636051542,0.532515636051542,0.532515636051542,4
57,0.4635022446407613,0.4635022446407612,0.4635022446407612,0.4635022446407612,4
58,0.5929905131760007,0.5929905131760007,0.5929905131760005,0.5929905131760005,4
59,0.4500402525837967,0.45004025258379676,0.45004025258379676,0.45004025258379676,4
60,0.39860615459753834,0.39860615459753845,0.39860615459753845,0.39860615459753845,4
61,0.28678360530197067,0.28678360530197067,0.28678360530197067,0.28678360530197067,4
62,0.4292016601176817,0.4323713640024554,0.3449796091333447,0.44037663913682956,4
63,0.35842447836163177,0.3584244783616321,0.35842447836163205,0.35842447836163205,4
64,0.6311367647980797,0.6311367647980799,0.6311367647980799,0.6311367647980799,4
65,0.3165918404133832,0.3165918404133832,0.31659184041338323,0.31659184041338323,4
66,0.4403520636317983,0.44035206363179835,0.44035206363179835,0.44035206363179835,4
67,0.5074921243797424,0.5074921243797424,0.5074921243797424,0.5074921243797424,4
68,0.4569542121910384,0.45695421219103827,0.4569542121910383,0.4569542121910383,4
69,0.5562654947737086,0.5562654947737086,0.5562654947737086,0.5562654947737086,4
70,0.2927063532490342,0.2927063532490342,0.29270635324903427,0.29270635324903427,4
71,0.5389854236984859,0.5619430046082013,0.49512899250486175,0.5619430046082013,4
72,0.6458294357370546,0.6458294357370546,0.6458294357370548,0.6458294357370548,4
73,0.26935816725795175,0.26935816725795175,0.26935816725795175,0.26935816725795175,4
74,0.6947278968577886,0.6947278968577885,0.6947278968577885,0.6947278968577885,4
75,0.635419424614251,0.6354194246142508,0.6354194246142509,0.6354194246142509,4
76,0.3643423277323248,0.36434232773232467,0.36434232773232467,0.36434232773232467,4
77,0.5484237838592404,0.5667589424801088,0.41586177639854827,0.5667589424801087,4
78,0.47483557345189387,0.47483557345189376,0.47483557345189376,0.47483557345189376,4
79,0.42930869310657715,0.44611146589802647,0.38759168094747043,0.4461114658980265,4
80,0.5858022613499893,0.5858022613499895,0.5858022613499894,0.5858022613499894,4
81,0.5405096901442059,0.5405096901442059,0.5405096901442059,0.5405096901442059,4
82,0.310748465073745,0.31074846507374504,0.31074846507374504,0.31074846507374504,4
83,0.4658566906072279,0.49244274287923256,0.37175033920335804,0.507779539567783,4
84,0.5502589905691204,0.5502589905691204,0.5502589905691204,0.5502589905691204,4
85,0.55491817680376,0.5576747590983946,0.29693568250946134,0.5576747590983945,4
86,0.48966492941636935,0.48966492941636935,0.48966492941636935,0.48966492941636935,4
87,0.6196097393654854,0.6196097393654854,0.6196097393654854,0.6196097393654854,4
88,0.5168973535000996,0.5168973535000995,0.5168973535000994,0.5168973535000995,4
89,0.5767795153099582,0.5767795153099582,0.5767795153099582,0.5767795153099582,4
90,0.4689019565705088,0.4689019565705087,0.4689019565705088,0.4689019565705088,4
91,0.23386259099892948,0.2338625909989294,0.23386259099892942,0.23386259099892942,4
92,0.6664814977410365,0.6664814977410366,0.6664814977410366,0.6664814977410366,4
93,0.5250832762335843,0.5250832762335843,0.5250832762335843,0.5250832762335843,4
94,0.4924022275400718,0.4924022275400719,0.49240222754007185,0.4924022275400719,4
95,0.31349027247357986,0.34351410262289317,0.23181232311096273,0.3435141026228931,4
96,0.36207635475984284,0.36207635475984257,0.36207635475984257,0.36207635475984257,4
97,0.6799155579739293,0.6799155579739292,0.6799155579739291,0.6799155579739291,4
98,0.6422035271642526,0.6422035271642526,0.6422035271642524,0.6422035271642524,4
99,0.3855642883668082,0.3855642883668085,0.38556428836680856,0.38556428836680856,4
100,0.31818370712195027,0.31818370712195027,0.31818370712195027,0.31818370712195027,4
101,0.565714800356241,0.565714800356241,0.5657148003562409,0.5657148003562409,4
102,0.48445630852533295,0.48445630852533306,0.48445630852533306,0.48445630852533306,4
103,0.5547392731978409,0.554739273197841,0.554739273197841,0.554739273197841,4
104,0.3600294801752361,0.36002948017523606,0.36002948017523606,0.36002948017523606,4
105,0.4899783355202457,0.551417823935351,0.4155031071227341,0.5514929968344464,4
106,0.5185907614815732,0.518590761481573,0.518590761481573,0.518590761481573,4
107,0.6436547814167655,0.6436547814167657,0.6436547814167656,0.6436547814167656,4
108,0.34298066378893705,0.3429806637889372,0.3429806637889372,0.3429806637889372,4
109,0.4773612449868797,0.47736124498687954,0.47736124498687954,0.47736124498687954,4
110,0.46645646526581563,0.4664564652658157,0.4664564652658157,0.4664564652658157,4
111,0.3381298477121484,0.364735202074686,0.20312484280093074,0.37952428314905956,4
112,0.5148267726877696,0.5148267726877694,0.5148267726877696,0.5148267726877696,4
113,0.6134774113280868,0.613477411328087,0.613477411328087,0.613477411328087,4
114,0.6260342031843854,0.6314469655657213,0.5019134256787688,0.6394568795830757,4
115,0.6233459321291933,0.6233459321291933,0.6233459321291934,0.6233459321291934,4
116,0.48868185889905014,0.48868185889905025,0.48868185889905025,0.48868185889905025,4
117,0.4017276852486455,0.4017276852486455,0.40172768524864544,0.40172768524864544,4
118,0.4867304239990994,0.4867304239990995,0.48673042399909944,0.4867304239990995,4
119,0.1557890287648296,0.1557890287648296,0.15578902876482964,0.15578902876482964,4
120,0.4809121410079482,0.4809121410079482,0.48091214100794816,0.48091214100794816,4
121,0.5450076440188971,0.5450076440188972,0.5450076440188973,0.5450076440188973,4
122,0.6519769736200123,0.6519769736200124,0.6519769736200125,0.6519769736200125,4
123,0.664096108536627,0.664096108536627,0.664096108536627,0.664096108536627,4
124,0.39753467913408386,0.39753467913408386,0.3975346791340838,0.3975346791340838,4
125,0.6213117636083371,0.621311763608337,0.621311763608337,0.6213117636083368,4
126,0.5916742036077794,0.5916742036077794,0.5916742036077794,0.5916742036077793,4
127,0.2708194500589777,0.2777127166669839,0.24926720340128655,0.2852911438658655,4
128,0.3932657199266627,0.39326571992666276,0.3932657199266627,0.3932657199266627,4
129,0.515649013126843,0.5156490131268432,0.5156490131268432,0.5156490131268432,4
130,0.6631877732680935,0.6631877732680935,0.6631877732680935,0.6631877732680935,4
131,0.655968380334109,0.655968380334109,0.6559683803341091,0.6559683803341091,4
132,0.38758695716378133,0.38758695716378133,0.3875869571637814,0.38758695716378133,4
133,0.2600501191933627,0.26005011919336274,0.26005011919336274,0.26005011919336274,4
134,0.5047950524951568,0.5047950524951569,0.5047950524951569,0.5047950524951569,4
135,0.4355480054754278,0.43554800547542794,0.4355480054754278,0.4355480054754278,4
136,0.5660503639442691,0.6127517660927908,0.48891457433844954,0.6176018669516592,4
137,0.6943964155959175,0.6943964155959175,0.6943964155959174,0.6943964155959175,4
138,0.49520522372865783,0.49520522372865766,0.4952052237286577,0.4952052237286577,4
139,0.36022317997043046,0.36022317997043035,0.3602231799704304,0.3602231799704304,4
140,0.5350371010710235,0.5350371010710235,0.5350371010710235,0.5350371010710235,4
141,0.44102374509826825,0.45025327716144364,0.411817512829313,0.45868212415539994,4
142,0.615098653410425,0.615098653410425,0.6150986534104252,0.6150986534104252,4
143,0.5963200571882326,0.5963200571882324,0.5963200571882323,0.5963200571882323,4
144,0.369959290949064,0.3793088771868707,0.2805033519453273,0.3793088771868706,4
145,0.5206567535268295,0.5206567535268294,0.5206567535268294,0.5206567535268294,4
146,0.552532549776853,0.5525325497768528,0.5525325497768528,0.5525325497768528,4
147,0.5714222185867814,0.5714222185867814,0.5714222185867814,0.5714222185867814,4
148,0.32296982944190167,0.3343284626380333,0.26061611364778403,0.3553384999234718,4
149,0.5747148249940064,0.5747148249940063,0.5747148249940062,0.5747148249940062,4
150,0.4029789073448595,0.4029789073448594,0.4029789073448594,0.4029789073448594,4
151,0.32786561122331465,0.32786561122331465,0.3278656112233146,0.3278656112233146,4
152,0.5398503625063772,0.5398503625063773,0.5398503625063773,0.5398503625063773,4
153,0.3773631772830124,0.380202395925234,0.28750905265605753,0.3983474560082102,4
154,0.5271149610812456,0.5271149610812453,0.5271149610812453,0.5271149610812453,4
155,0.5534399696203534,0.5534399696203531,0.5534399696203531,0.5534399696203531,4
156,0.44822317514018495,0.4482231751401849,0.4482231751401849,0.4482231751401849,4
157,0.4725466468832255,0.47254664688322545,0.47254664688322545,0.47254664688322545,4
158,0.5369151729869048,0.5369151729869049,0.5369151729869049,0.5369151729869049,4
159,0.49279220887171643,0.4927922088717165,0.4927922088717165,0.4927922088717165,4
160,0.3496574313656705,0.34965743136567046,0.3496574313656705,0.3496574313656705,4
161,0.4040425805146866,0.4128811544261787,0.3365052765522377,0.4587376874979012,4
162,0.49109229427107726,0.49109229427107726,0.49109229427107726,0.49109229427107726,4
163,0.40967372972179744,0.4096737297217974,0.4096737297217974,0.4096737297217974,4
164,0.550835347441013,0.554003514399876,0.46408823586867454,0.5546422952428566,4
165,0.5871706012258374,0.5871706012258374,0.5871706012258374,0.5871706012258374,4
166,0.19502998370521943,0.19502998370521943,0.1950299837052194,0.1950299837052194,4
167,0.5099522743018906,0.5099522743018906,0.5099522743018907,0.5099522743018907,4
168,0.6325883588684605,0.6325883588684605,0.6325883588684605,0.6325883588684605,4
169,0.5649073025380605,0.5649073025380609,0.5649073025380609,0.5649073025380609,4
170,0.3104359818865033,0.31043598188650334,0.31043598188650334,0.31043598188650334,4
171,0.5541437467677859,0.5541437467677857,0.5541437467677858,0.5541437467677858,4
172,0.47577754458741095,0.47577754458741084,0.47577754458741084,0.47577754458741084,4
173,0.41037251330640245,0.4103725133064023,0.41037251330640234,0.41037251330640234,4
174,0.5056706457797799,0.5056706457797799,0.5056706457797799,0.5056706457797799,4
175,0.4336696617482841,0.4336696617482841,0.4336696617482841,0.43366966174828414,4
176,0.5798507246369037,0.5798507246369041,0.579850724636904,0.579850724636904,4
177,0.525117178193051,0.5251171781930513,0.5251171781930513,0.5251171781930513,4
178,0.3028441464602592,0.30284414646025914,0.30284414646025914,0.30284414646025914,4
179,0.6303384879883918,0.6303384879883916,0.6303384879883916,0.6303384879883918,4
180,0.447253336101364,0.44725333610136386,0.4472533361013639,0.4472533361013639,4
181,0.6063686877299981,0.6063686877299981,0.606368687729998,0.606368687729998,4
182,0.5552219093460046,0.5552219093460046,0.5552219093460047,0.5552219093460047,4
183,0.43388731441852146,0.43388731441852146,0.43388731441852146,0.43388731441852146,4
184,0.30451852217811065,0.30451852217811065,0.30451852217811065,0.30451852217811065,4
185,0.4170842222571336,0.41737602160000403,0.32156091182088353,0.45486543398803025,4
186,0.35284036609082275,0.3528403660908227,0.3528403660908227,0.3528403660908227,4
187,0.49928114342078367,0.4992811434207839,0.49928114342078384,0.49928114342078384,4
188,0.4663829647547457,0.4663829647547457,0.4663829647547457,0.4663829647547457,4
189,0.37586521328320677,0.3758652132832067,0.37586521328320666,0.37586521328320666,4
190,0.48424619563337945,0.4842461956333794,0.48424619563337945,0.48424619563337945,4
191,0.5552174431501611,0.5552174431501609,0.5552174431501609,0.5552174431501609,4
192,0.3721798432350465,0.37217984323504644,0.37217984323504644,0.37217984323504644,4
193,0.46283857646629,0.46283857646629006,0.46283857646629,0.46283857646629,4
194,0.4900239165055684,0.4900239165055685,0.4900239165055684,0.4900239165055684,4
195,0.37728454051346305,0.377284540513463,0.377284540513463,0.377284540513463,4
196,0.5167065315650403,0.5167065315650404,0.5167065315650403,0.5167065315650403,4
197,0.4901207938921862,0.4901207938921861,0.4901207938921861,0.4901207938921861,4
198,0.6223434446723867,0.6223434446723868,0.6223434446723868,0.6223434446723868,4
199,0.3876523003083883,0.39484657920699034,0.33852476482618865,0.4048706400133981,4
200,0.4544451416289348,0.4544451416289346,0.4544451416289347,0.4544451416289347,4
201,0.5338166047261717,0.5338166047261719,0.5338166047261719,0.5338166047261719,4
202,0.3556185426479883,0.3556185426479882,0.3556185426479882,0.3556185426479882,4
203,0.5747778583903034,0.5747778583903035,0.5747778583903034,0.5747778583903034,4
204,0.5046579093228347,0.5046579093228346,0.5046579093228347,0.5046579093228347,4
205,0.4100408930306422,0.4100408930306422,0.4100408930306422,0.4100408930306422,4
206,0.5008935738163792,0.5008935738163791,0.5008935738163791,0.5008935738163791,4
207,0.5844086651554472,0.5844086651554473,0.5844086651554473,0.5844086651554473,4
208,0.5791291560966272,0.5791291560966272,0.5791291560966272,0.5791291560966272,4
209,0.4288893191499984,0.4288893191499984,0.4288893191499984,0.4288893191499984,4
210,0.3365287957112779,0.336528795711278,0.3365287957112779,0.3365287957112779,4
211,0.4665403794189792,0.46654037941897925,0.4665403794189793,0.4665403794189793,4
212,0.37586317604487585,0.3758631760448756,0.3758631760448757,0.3758631760448757,4
213,0.22608078229228804,0.22608078229228812,0.22608078229228812,0.22608078229228812,4
214,0.508370168620011,0.5083701686200112,0.5083701686200112,0.5083701686200112,4
215,0.3834194357488028,0.3834194357488027,0.3834194357488027,0.3834194357488027,4
216,0.4352613798726359,0.4352613798726358,0.4352613798726358,0.4352613798726358,4
217,0.5871162089289566,0.5871162089289563,0.5871162089289564,0.5871162089289564,4
218,0.4785596894962474,0.4785596894962475,0.4785596894962474,0.4785596894962474,4
219,0.5102778412939688,0.5102778412939688,0.5102778412939688,0.5102778412939688,4
220,0.547077499913587,0.547077499913587,0.547077499913587,0.547077499913587,4
221,0.5455923692516328,0.5455923692516328,0.5455923692516328,0.5455923692516328,4
222,0.6155532707961793,0.6155532707961793,0.6155532707961793,0.6155532707961793,4
223,0.5131140818699764,0.5131140818699766,0.5131140818699765,0.5131140818699766,4
224,0.5301058859231824,0.5301058859231823,0.5301058859231823,0.5301058859231823,4
225,0.4614616503819928,0.46146165038199277,0.4614616503819928,0.4614616503819928,4
226,0.4950582173479475,0.4950582173479475,0.4950582173479475,0.4950582173479475,4
227,0.5911551925467475,0.5911551925467474,0.5911551925467473,0.5911551925467473,4
228,0.3589743749776503,0.3589743749776502,0.3589743749776503,0.3589743749776503,4
229,0.6508057769410882,0.6508057769410883,0.6508057769410885,0.6508057769410885,4
230,0.5544849445526477,0.5711809068191779,0.4962743608141156,0.5864528532450588,4
231,0.6262358959516057,0.6262358959516057,0.6262358959516057,0.6262358959516057,4
232,0.643597465622894,0.6480911841980336,0.5292087335147004,0.6565342419764415,4
233,0.33723877594512686,0.3372387759451268,0.33723877594512686,0.33723877594512686,4
234,0.4714438367194408,0.4714438367194409,0.4714438367194409,0.4714438367194409,4
235,0.4321776626831355,0.4407039979483204,0.32674348741565024,0.44850987608707205,4
236,0.588749416096726,0.588749416096726,0.588749416096726,0.588749416096726,4
237,0.6907260725597264,0.6907260725597266,0.6907260725597266,0.6907260725597266,4
238,0.5291057808364551,0.5291057808364552,0.5291057808364551,0.5291057808364551,4
239,0.21245505978259227,0.2124550597825923,0.21245505978259227,0.21245505978259227,4
240,0.6310427808043756,0.6310427808043758,0.6310427808043757,0.6310427808043757,4
241,0.5827649393782479,0.5827649393782484,0.5827649393782484,0.5827649393782484,4
242,0.38762155852399643,0.3876215585239965,0.3876215585239965,0.3876215585239965,4
243,0.524047157973077,0.5240471579730772,0.524047157973077,0.524047157973077,4
244,0.5610867701699868,0.5610867701699869,0.5610867701699868,0.5610867701699868,4
245,0.6041730514800836,0.6041730514800834,0.6041730514800834,0.6041730514800834,4
246,0.4799595363484698,0.5127620428631606,0.37317105073195844,0.5127620428631606,4
247,0.7232610660194415,0.7232610660194416,0.7232610660194416,0.7232610660194416,4
248,0.3854947986009182,0.3854947986009182,0.38549479860091823,0.38549479860091823,4
249,0.42676652259382664,0.42676652259382675,0.4267665225938267,0.4267665225938267,4
250,0.4704116474405525,0.4704116474405525,0.4704116474405525,0.4704116474405525,4
251,0.47385765496489185,0.47385765496489174,0.47385765496489174,0.47385765496489174,4
252,0.35967876076384125,0.3596787607638412,0.3596787607638412,0.3596787607638412,4
253,0.48445533924076056,0.4844553392407605,0.48445533924076045,0.48445533924076045,4
254,0.47935802141415873,0.4793580214141588,0.47935802141415873,0.47935802141415873,4
255,0.5403170131762933,0.5403170131762933,0.5403170131762934,0.5403170131762934,4
256,0.5493283243311404,0.5493283243311403,0.5493283243311403,0.5493283243311403,4
257,0.4036636132524429,0.4363545097343967,0.28752645198076754,0.43635450973439677,4
258,0.49222990496244134,0.4922299049624413,0.49222990496244134,0.49222990496244134,4
259,0.615641792202252,0.6156417922022519,0.615641792202252,0.615641792202252,4
260,0.48441449314629464,0.4844144931462948,0.4844144931462948,0.4844144931462948,4
261,0.5259952996914763,0.5259952996914763,0.5259952996914763,0.5259952996914763,4
262,0.5347565307574114,0.5347565307574116,0.5347565307574115,0.5347565307574115,4
263,0.46024232329803455,0.4602423232980345,0.46024232329803455,0.46024232329803455,4
264,0.706272996760343,0.7075008135207125,0.6600217314284627,0.7131311546791603,4
265,0.4992249501807864,0.49922495018078633,0.4992249501807863,0.49922495018078633,4
266,0.4797126693219951,0.47971266932199524,0.47971266932199513,0.47971266932199513,4
267,0.6257924496594831,0.6257924496594832,0.6257924496594832,0.6257924496594832,4
268,0.4667264545449762,0.4667264545449761,0.4667264545449761,0.4667264545449761,4
269,0.5178994600454323,0.5178994600454323,0.5178994600454323,0.5178994600454323,4
270,0.3812916225632495,0.3812916225632494,0.3812916225632494,0.3812916225632494,4
271,0.6896007174200867,0.6896007174200868,0.6896007174200868,0.6896007174200868,4
272,0.5322261019158573,0.5322261019158574,0.5322261019158573,0.5322261019158573,4
273,0.3037565134489974,0.30410945454224636,0.20329114097026924,0.31045722451145036,4
274,0.44488683860441447,0.44488683860441464,0.44488683860441464,0.44488683860441464,4
275,0.5870581350371342,0.5870581350371343,0.5870581350371343,0.5870581350371343,4
276,0.5526016402473928,0.5526016402473929,0.5526016402473929,0.5526016402473929,4
277,0.5752889337633612,0.5752889337633612,0.5752889337633612,0.5752889337633612,4
278,0.6949617332193143,0.7005844680601664,0.5689185248563389,0.7251941461014733,4
279,0.4959834252365263,0.4959834252365263,0.4959834252365263,0.4959834252365263,4
280,0.5133839058626786,0.533386519414877,0.46427523989126385,0.5396037485184468,4
281,0.4810828035515574,0.4810828035515574,0.4810828035515575,0.4810828035515575,4
282,0.5044727877707675,0.5044727877707674,0.5044727877707675,0.5044727877707676,4
283,0.33382681947383275,0.33382681947383275,0.3338268194738328,0.3338268194738328,4
284,0.31910031166390895,0.31910031166390895,0.3191003116639089,0.3191003116639089,4
285,0.24460122765460127,0.24460122765460135,0.2446012276546013,0.2446012276546013,4
286,0.3945236151641812,0.39452361516418116,0.3945236151641812,0.3945236151641812,4
287,0.5923637675278386,0.5923637675278386,0.5923637675278385,0.5923637675278385,4
288,0.4066699081417007,0.4388900523649667,0.32009128985322033,0.46373395075183055,4
289,0.32795020680766246,0.33033635637424447,0.24937291794564326,0.34063426674901687,4
290,0.5433092915290132,0.543309291529013,0.543309291529013,0.543309291529013,4
291,0.5138559591576397,0.5138559591576398,0.5138559591576398,0.5138559591576398,4
292,0.5714212288788054,0.5816611433454408,0.4890859408740289,0.6091839607565459,4
293,0.7045258466344441,0.704525846634444,0.704525846634444,0.704525846634444,4
294,0.6019700480987243,0.6019700480987243,0.6019700480987243,0.6019700480987243,4
295,0.6022877530178357,0.6153815460180851,0.4975686821303261,0.6156662153883552,4
296,0.37946474207610587,0.3794647420761059,0.3794647420761059,0.3794647420761059,4
297,0.33622767278653976,0.336791349879058,0.1548610029368355,0.3416311262010592,4
298,0.568661998303076,0.6262171418105593,0.4446413630558739,0.6262171418105593,4
299,0.704432968686689,0.704432968686689,0.7044329686866891,0.7044329686866891,4
300,0.45794387871654335,0.4851759839473163,0.35974603869006216,0.5082720204658095,4
301,0.5243165703910475,0.5243165703910475,0.5243165703910475,0.5243165703910475,4
302,0.5847509105022322,0.5847509105022324,0.5847509105022324,0.5847509105022324,4
303,0.4958651867430487,0.49586518674304875,0.49586518674304875,0.4958651867430488,4
304,0.46057620738295585,0.4605762073829559,0.4605762073829558,0.4605762073829558,4
305,0.1952036017022533,0.19520360170225332,0.19520360170225332,0.19520360170225332,4
306,0.35086945460199515,0.3508694546019951,0.3508694546019951,0.3508694546019951,4
307,0.5456013150639485,0.5456013150639487,0.5456013150639487,0.5456013150639487,4
308,0.6158485465120437,0.6158485465120437,0.6158485465120437,0.6158485465120437,4
309,0.4366555069552345,0.4366555069552345,0.4366555069552345,0.4366555069552345,4
310,0.2020198809369089,0.20201988093690895,0.20201988093690895,0.20201988093690895,4
311,0.33164325528185284,0.3316432552818528,0.3316432552818528,0.3316432552818528,4
312,0.4606362050923156,0.4606362050923156,0.4606362050923156,0.4606362050923156,4
313,0.3372573331804933,0.33725733318049317,0.3372573331804933,0.3372573331804932,4
314,0.44447167923991626,0.4444716792399164,0.4444716792399164,0.4444716792399164,4
315,0.47313089056041446,0.47313089056041435,0.47313089056041435,0.47313089056041435,4
316,0.389216813822293,0.389216813822293,0.38921681382229306,0.38921681382229306,4
317,0.5600003012292378,0.5600003012292379,0.5600003012292379,0.5600003012292379,4
318,0.35667407161909365,0.35667407161909365,0.3566740716190937,0.3566740716190937,4
319,0.38229659712344904,0.3822965971234491,0.382296597123449,0.382296597123449,4
320,0.5582856731799812,0.5715316350898643,0.43259582155867204,0.5773911579932133,4
321,0.4393510295450015,0.43935102954500127,0.4393510295450013,0.4393510295450013,4
322,0.45663334486999485,0.45663334486999463,0.45663334486999463,0.45663334486999463,4
323,0.5310063714815833,0.5310063714815831,0.5310063714815831,0.5310063714815831,4
324,0.32777878878001054,0.3277787887800105,0.3277787887800105,0.3277787887800105,4
325,0.6127002527541794,0.612700252754179,0.612700252754179,0.612700252754179,4
326,0.4668173393989379,0.4824017088170111,0.36722003517419355,0.506883155352656,4
327,0.35608164526169,0.35608164526169017,0.35608164526169017,0.35608164526169017,4
328,0.5397296349491192,0.5397296349491193,0.5397296349491193,0.5397296349491193,4
329,0.5177782245041513,0.5177782245041516,0.5177782245041516,0.5177782245041516,4
330,0.6213539815508788,0.6213539815508787,0.6213539815508788,0.6213539815508788,4
331,0.35737887085131764,0.3573788708513177,0.3573788708513178,0.3573788708513177,4
332,0.6167845513532544,0.6167845513532545,0.6167845513532544,0.6167845513532544,4
333,0.26070920606546283,0.26070920606546283,0.2607092060654629,0.2607092060654629,4
334,0.29333707795696184,0.2933370779569619,0.29333707795696196,0.29333707795696196,4
335,0.6974202503092504,0.6974202503092503,0.6974202503092504,0.6974202503092504,4
336,0.5427846792338495,0.5427846792338495,0.5427846792338497,0.5427846792338497,4
337,0.5796657677752868,0.579665767775287,0.579665767775287,0.579665767775287,4
338,0.6162659662262973,0.6162659662262973,0.6162659662262973,0.6162659662262973,4
339,0.49236899996695616,0.49236899996695616,0.4923689999669561,0.4923689999669561,4
340,0.5252772952231612,0.5252772952231614,0.5252772952231615,0.5252772952231615,4
341,0.4735047662165336,0.4735047662165337,0.47350476621653376,0.47350476621653376,4
342,0.5208456678521962,0.5208456678521963,0.5208456678521962,0.5208456678521962,4
343,0.45132829607021696,0.4513282960702168,0.45132829607021685,0.45132829607021685,4
344,0.7278353949299083,0.7315050009371152,0.544792513422378,0.7315050009371152,4
345,0.37352365953344807,0.37352365953344785,0.3735236595334479,0.3735236595334479,4
346,0.6527859144133199,0.6527859144133199,0.65278591441332,0.6527859144133199,4
347,0.5459362520450937,0.5459362520450934,0.5459362520450936,0.5459362520450936,4
348,0.6633524003592322,0.6633524003592322,0.6633524003592322,0.6633524003592322,4
349,0.6786100881171567,0.6786100881171568,0.6786100881171568,0.6786100881171568,4
350,0.5187458739293235,0.5187458739293234,0.5187458739293234,0.5187458739293234,4
351,0.5091187329056991,0.5091187329056991,0.5091187329056991,0.5091187329056991,4
352,0.6090760379967133,0.6090760379967133,0.6090760379967132,0.6090760379967132,4
353,0.4416204304126914,0.44418013690993147,0.39285111510520854,0.4569998344135947,4
354,0.4592363737581435,0.45923637375814363,0.4592363737581436,0.4592363737581436,4
355,0.5763674850804014,0.5763674850804014,0.5763674850804014,0.5763674850804014,4
356,0.4255777358271178,0.4255777358271179,0.4255777358271179,0.4255777358271179,4
357,0.28211857824335246,0.2821185782433525,0.2821185782433524,0.2821185782433524,4
358,0.37128460945035946,0.3758579177539655,0.26934747109774926,0.4066769233304805,4
359,0.46802504337175854,0.46802504337175865,0.46802504337175865,0.46802504337175865,4
360,0.5661287418750681,0.5661287418750679,0.5661287418750679,0.5661287418750679,4
361,0.53813500990867,0.5381350099086701,0.5381350099086701,0.5381350099086701,4
362,0.5348960532436493,0.5348960532436493,0.5348960532436493,0.5348960532436493,4
363,0.6064108943501054,0.6064108943501052,0.6064108943501053,0.6064108943501053,4
364,0.23780577920736062,0.23780577920736065,0.23780577920736068,0.23780577920736068,4
365,0.3041473226692871,0.32486493405100675,0.23280540978901437,0.32486493405100675,4
366,0.3988930190447024,0.39889301904470237,0.39889301904470237,0.39889301904470237,4
367,0.4178348219033331,0.41783482190333326,0.4178348219033332,0.4178348219033332,4
368,0.5660610698194861,0.5805349703518274,0.4909457596629974,0.5947114198311594,4
369,0.5043162624060264,0.5359909200046123,0.40437323187591184,0.5359909200046125,4
370,0.41195074132534104,0.411950741325341,0.41195074132534104,0.41195074132534104,4
371,0.548652560316709,0.548652560316709,0.548652560316709,0.548652560316709,4
372,0.5795445164048474,0.5795445164048474,0.5795445164048474,0.5795445164048474,4
373,0.4121726209088333,0.4122047315695303,0.17692728129938967,0.4206072652076595,4
374,0.3044654517182719,0.3044654517182719,0.3044654517182719,0.3044654517182719,4
375,0.6541336010393475,0.6541336010393476,0.6541336010393475,0.6541336010393475,4
376,0.6657135331675634,0.6657135331675635,0.6657135331675634,0.6657135331675634,4
377,0.4902254163379012,0.49022541633790107,0.49022541633790107,0.49022541633790095,4
378,0.33063519657382634,0.33063519657382634,0.3306351965738264,0.3306351965738264,4
379,0.496541240876923,0.49654124087692303,0.49654124087692303,0.49654124087692303,4
380,0.567636405121472,0.567636405121472,0.567636405121472,0.567636405121472,4
381,0.34195157520618846,0.34195157520618846,0.34195157520618846,0.34195157520618846,4
382,0.5292342988954498,0.5292342988954498,0.5292342988954499,0.5292342988954499,4
383,0.516782712718152,0.5167827127181522,0.5167827127181522,0.5167827127181522,4
384,0.6294546609205623,0.6294546609205623,0.6294546609205623,0.6294546609205623,4
385,0.4887068920148351,0.48870689201483497,0.4887068920148349,0.4887068920148349,4
386,0.615853887866333,0.6158538878663329,0.6158538878663329,0.6158538878663329,4
387,0.6361946138095234,0.6361946138095231,0.6361946138095231,0.6361946138095231,4
388,0.20906643858494248,0.20906643858494248,0.20906643858494248,0.20906643858494245,4
389,0.6226667144235937,0.6226667144235938,0.6226667144235937,0.6226667144235937,4
390,0.5962269504768776,0.5962269504768778,0.5962269504768778,0.5962269504768778,4
391,0.5127385728784315,0.5127385728784316,0.5127385728784315,0.5127385728784315,4
392,0.35606203434606165,0.35606203434606176,0.35606203434606165,0.3560620343460617,4
393,0.48387507757144554,0.48387507757144554,0.48387507757144554,0.48387507757144554,4
394,0.6235940343069728,0.623594034306973,0.623594034306973,0.623594034306973,4
395,0.3385524224453834,0.33855242244538347,0.33855242244538347,0.33855242244538347,4
396,0.5419776941804766,0.5419776941804767,0.5419776941804766,0.5419776941804766,4
397,0.5105586644963024,0.5105586644963024,0.5105586644963024,0.5105586644963024,4
398,0.19737092618854474,0.19828441755485693,0.1303155811798151,0.20857434568378708,4
399,0.40501217139998624,0.40501217139998624,0.4050121713999863,0.4050121713999863,4
400,0.614157506325374,0.6141575063253739,0.6141575063253739,0.6141575063253739,4
401,0.46305121416156403,0.4630512141615639,0.4630512141615639,0.4630512141615639,4
402,0.4936937743216695,0.4936937743216697,0.4936937743216696,0.4936937743216696,4
403,0.40857788132540973,0.4085778813254096,0.40857788132540973,0.40857788132540973,4
404,0.4797311537194128,0.47973115371941266,0.47973115371941266,0.47973115371941266,4
405,0.6130535822192679,0.613053582219268,0.6130535822192679,0.6130535822192679,4
406,0.1214687979114695,0.12217589464112788,0.10713854902194844,0.1308191951830557,4
407,0.33281010265402616,0.33281010265402616,0.3328101026540262,0.3328101026540262,4
408,0.5000821139056084,0.5000821139056084,0.5000821139056084,0.5000821139056084,4
409,0.6321239095384983,0.6321239095384984,0.6321239095384985,0.6321239095384985,4
410,0.4811853327194924,0.4811853327194923,0.4811853327194924,0.4811853327194924,4
411,0.6355800000397598,0.63558000003976,0.6355800000397599,0.6355800000397599,4
412,0.19252496475531558,0.20793204954039196,0.1316504065001055,0.2150902190444529,4
413,0.3868997141256494,0.38899660698760263,0.3053755933900137,0.403891936937701,4
414,0.5556022594259098,0.5556022594259099,0.5556022594259099,0.5556022594259099,4
415,0.3736867040564432,0.3736867040564433,0.3736867040564432,0.3736867040564432,4
416,0.7164492925468884,0.7164492925468884,0.7164492925468883,0.7164492925468884,4
417,0.28668956512686805,0.286689565126868,0.28668956512686805,0.28668956512686805,4
418,0.47982500692478697,0.479825006924787,0.479825006924787,0.479825006924787,4
419,0.5214804007350451,0.5214804007350453,0.5214804007350452,0.5214804007350452,4
420,0.6310862168665866,0.6310862168665865,0.6310862168665865,0.6310862168665865,4
421,0.47384760271174364,0.5073390761473935,0.3633080799637183,0.5173651293343196,4
422,0.40558254536690513,0.4055825453669052,0.4055825453669052,0.4055825453669052,4
423,0.5606947965018354,0.5606947965018354,0.5606947965018354,0.5606947965018354,4
424,0.629227479975158,0.6292274799751579,0.629227479975158,0.629227479975158,4
425,0.3884824982450356,0.3884824982450358,0.3884824982450358,0.3884824982450358,4
426,0.40272000516722556,0.4027200051672256,0.4027200051672256,0.4027200051672256,4
427,0.48400076658365243,0.5040411294342033,0.3100856701009923,0.5141082942425066,4
428,0.6520880257267414,0.6520880257267415,0.6520880257267414,0.6520880257267414,4
429,0.44217879438585195,0.4421787943858521,0.44217879438585206,0.44217879438585206,4
430,0.44743391590910647,0.44743391590910647,0.4474339159091065,0.4474339159091065,4
431,0.45995579843194956,0.4599557984319497,0.4599557984319498,0.4599557984319498,4
432,0.5581273225513842,0.5581273225513843,0.5581273225513843,0.5581273225513843,4
433,0.4635502357106896,0.46355023571068965,0.4635502357106897,0.4635502357106897,4
434,0.5564407229454144,0.5564407229454144,0.5564407229454144,0.5564407229454144,4
435,0.43618011042762167,0.4361801104276215,0.4361801104276215,0.4361801104276215,4
436,0.42171095666628794,0.42171095666628783,0.42171095666628783,0.42171095666628783,4
437,0.4126401522875739,0.4126401522875739,0.4126401522875739,0.4126401522875739,4
438,0.7325792064681483,0.7325792064681484,0.7325792064681484,0.7325792064681484,4
439,0.3971290107134817,0.3971460545600457,0.2675984546470539,0.41597246724004233,4
440,0.509727802115274,0.5141606398266826,0.43380434825895897,0.5400314400503397,4
441,0.4667144542146104,0.4667144542146106,0.46671445421461044,0.4667144542146105,4
442,0.4579959338578169,0.45799593385781695,0.457995933857817,0.457995933857817,4
443,0.18595433403338904,0.18595433403338918,0.18595433403338918,0.18595433403338918,4
444,0.5697097779546838,0.5697097779546838,0.5697097779546838,0.5697097779546838,4
445,0.454112968360623,0.454112968360623,0.4541129683606233,0.4541129683606233,4
446,0.46381295590236193,0.463812955902362,0.463812955902362,0.463812955902362,4
447,0.41682042981971495,0.41682042981971495,0.41682042981971484,0.41682042981971484,4
448,0.5659635872976242,0.595521924496783,0.4790775383827411,0.6143564070557195,4
449,0.3589415438963538,0.35894154389635374,0.3589415438963538,0.3589415438963538,4
450,0.64496042496624,0.64496042496624,0.6449604249662401,0.6449604249662401,4
451,0.3886272896692491,0.3886272896692492,0.3886272896692492,0.3886272896692492,4
452,0.65720323450949,0.6707635448444407,0.5195441741319289,0.672931157318208,4
453,0.5511295073780622,0.5511295073780621,0.5511295073780622,0.5511295073780622,4
454,0.2528063887075794,0.2693461406519192,0.21214007123048959,0.26934614065191925,4
455,0.31177537447053655,0.31177537447053655,0.3117753744705366,0.3117753744705366,4
456,0.6505376496562193,0.6505376496562192,0.6505376496562193,0.6505376496562193,4
457,0.36568782727011073,0.3656878272701108,0.36568782727011073,0.36568782727011073,4
458,0.6245856494660096,0.6245856494660096,0.6245856494660094,0.6245856494660094,4
459,0.49913686803212903,0.499136868032129,0.499136868032129,0.499136868032129,4
460,0.5098142144922755,0.5098142144922755,0.5098142144922755,0.5098142144922755,4
461,0.5372552715321902,0.5372552715321903,0.5372552715321903,0.5372552715321903,4
462,0.6085595790811421,0.608559579081142,0.6085595790811419,0.608559579081142,4
463,0.5486359440474761,0.5486359440474761,0.5486359440474761,0.5486359440474761,4
464,0.5069782740027489,0.5069782740027489,0.5069782740027489,0.5069782740027489,4
465,0.6308679879963461,0.6308679879963461,0.6308679879963461,0.6308679879963461,4
466,0.4455687547006553,0.4455687547006552,0.44556875470065516,0.44556875470065516,4
467,0.627859813603618,0.6296950633143147,0.5157822272818319,0.6365605242862606,4
468,0.5563776663792774,0.5563776663792775,0.5563776663792774,0.5563776663792775,4
469,0.5460797964692227,0.5460797964692227,0.5460797964692227,0.5460797964692227,4
470,0.3654098873225876,0.36540988732258767,0.36540988732258767,0.36540988732258767,4
471,0.5396154743521764,0.5396154743521764,0.5396154743521764,0.5396154743521764,4
472,0.3966321404984192,0.3966321404984192,0.3966321404984192,0.3966321404984192,4
473,0.3358518106314772,0.3358518106314772,0.3358518106314772,0.3358518106314772,4
474,0.47732301546316347,0.4773230154631637,0.4773230154631637,0.4773230154631637,4
475,0.5966603772398744,0.5966603772398745,0.5966603772398745,0.5966603772398745,4
476,0.4655784419130833,0.46557844191308323,0.4655784419130833,0.4655784419130833,4
477,0.5678249961347619,0.5678249961347619,0.567824996134762,0.567824996134762,4
478,0.5355778183935873,0.5355778183935872,0.5355778183935872,0.5355778183935872,4
479,0.54537021202396,0.5453702120239599,0.5453702120239599,0.5453702120239599,4
480,0.40541318334902327,0.4054131833490236,0.40541318334902354,0.4054131833490236,4
481,0.5378087152157378,0.5378087152157378,0.5378087152157379,0.5378087152157379,4
482,0.5221453769734142,0.522145376973414,0.522145376973414,0.522145376973414,4
483,0.42220158417025727,0.4222015841702573,0.4222015841702573,0.4222015841702573,4
484,0.6757254017861315,0.6757254017861314,0.6757254017861314,0.6757254017861314,4
485,0.24629478051048131,0.24629478051048126,0.2462947805104813,0.2462947805104813,4
486,0.6026007875562491,0.602600787556249,0.6026007875562489,0.6026007875562489,4
487,0.4457869344435191,0.4497793465400644,0.2823238799533952,0.4502201607981636,4
488,0.32633500071575255,0.3263350007157526,0.32633500071575255,0.32633500071575255,4
489,0.43724737914089695,0.43724737914089695,0.43724737914089695,0.43724737914089695,4
490,0.5445740712027668,0.5445740712027668,0.5445740712027667,0.5445740712027667,4
491,0.4579557547648684,0.45795575476486816,0.45795575476486816,0.45795575476486816,4
492,0.6683987050389443,0.6718257385992836,0.5460241840322921,0.6912445419058719,4
493,0.6508048236561015,0.6508048236561013,0.6508048236561013,0.6508048236561013,4
494,0.38278130816902045,0.38278130816902023,0.3827813081690203,0.3827813081690203,4
495,0.42043860081397355,0.4204386008139736,0.4204386008139736,0.4204386008139736,4
496,0.6462910881978099,0.64629108819781,0.6462910881978101,0.6462910881978101,4
497,0.5188806187400232,0.5188806187400231,0.5188806187400232,0.5188806187400232,4
498,0.6821584375430017,0.6821584375430018,0.6821584375430017,0.6821584375430018,4
499,0.3460562864793846,0.34605628647938447,0.3460562864793844,0.3460562864793844,4
500,0.6326337453895807,0.6326337453895807,0.6326337453895807,0.6326337453895807,4
501,0.45624217988960697,0.45624217988960714,0.4562421798896071,0.4562421798896071,4
502,0.5430675179919242,0.5430675179919244,0.5430675179919243,0.5430675179919243,4
503,0.38648001403882704,0.3864800140388272,0.38648001403882704,0.38648001403882715,4
504,0.5799708877385441,0.5799708877385439,0.5799708877385439,0.5799708877385439,4
505,0.45209882579831573,0.45209882579831584,0.45209882579831573,0.45209882579831573,4
506,0.5354032807867648,0.5354032807867647,0.5354032807867648,0.5354032807867648,4
507,0.39484532483770474,0.3948453248377046,0.3948453248377046,0.3948453248377046,4
508,0.3319694931478865,0.33196949314788654,0.33196949314788654,0.33196949314788654,4
509,0.3489420096651818,0.3489420096651818,0.34894200966518185,0.34894200966518185,4
510,0.4166290932031699,0.4166290932031698,0.41662909320316965,0.41662909320316965,4
511,0.5591238990621994,0.5861989218124668,0.4882880485623564,0.5861989218124668,4
512,0.2560696963699965,0.25606969636999655,0.25606969636999655,0.2560696963699965,4
513,0.42190820237099375,0.4219082023709937,0.42190820237099375,0.42190820237099375,4
514,0.3581656651120264,0.35816566511202647,0.35816566511202647,0.35816566511202647,4
515,0.6496241014923665,0.6534122500473203,0.49464708361179366,0.6534122500473203,4
516,0.411127544710859,0.4228096570158332,0.3052617251008033,0.4696360473917429,4
517,0.3353969611721623,0.33539696117216233,0.33539696117216233,0.33539696117216233,4
518,0.505106292107375,0.5451166924696031,0.46144491307955837,0.5452904118722941,4
519,0.41194160539967506,0.41194160539967495,0.41194160539967495,0.41194160539967495,4
520,0.51388463402372,0.5138846340237201,0.5138846340237202,0.5138846340237202,4
521,0.5131255311760929,0.5131255311760929,0.5131255311760929,0.5131255311760929,4
522,0.5312301421497381,0.5348584971202043,0.4106218648508275,0.5392361837119463,4
523,0.3427731807621482,0.342773180762148,0.342773180762148,0.342773180762148,4
524,0.48025109928382337,0.4802510992838234,0.48025109928382337,0.48025109928382337,4
525,0.518636024434995,0.5186360244349948,0.5186360244349948,0.5186360244349947,4
526,0.4140560673114366,0.41405606731143657,0.4140560673114366,0.4140560673114366,4
527,0.4374968206710823,0.4374968206710823,0.4374968206710823,0.4374968206710823,4
528,0.5767906446152007,0.5793873416571509,0.5223048834043058,0.5964929539698061,4
529,0.39502447268706475,0.39502447268706486,0.39502447268706486,0.39502447268706486,4
530,0.5337867390372661,0.5337867390372663,0.5337867390372663,0.5337867390372663,4
531,0.28717515228433327,0.2871751522843332,0.2871751522843332,0.2871751522843332,4
532,0.5032919361671407,0.5032919361671406,0.5032919361671406,0.5032919361671406,4
533,0.333780052212959,0.33378005221295903,0.33378005221295903,0.33378005221295903,4
534,0.3864546590271559,0.3864546590271559,0.38645465902715587,0.38645465902715587,4
535,0.464903870441025,0.4649038704410251,0.4649038704410251,0.4649038704410251,4
536,0.39822267849471776,0.39822267849471765,0.3982226784947176,0.3982226784947176,4
537,0.27339743451290044,0.29606181123230557,0.22650242280892233,0.2970232888744154,4
538,0.568804252731312,0.5924347204216756,0.4123548772009664,0.5924347204216754,4
539,0.4261790914125929,0.4261790914125927,0.42617909141259275,0.42617909141259275,4
540,0.6139483313156915,0.6139483313156916,0.6139483313156915,0.6139483313156915,4
541,0.4115547773235979,0.4455088312130543,0.32495832775179484,0.4691924144519891,4
542,0.556910096115666,0.556910096115666,0.556910096115666,0.556910096115666,4
543,0.5350395929991785,0.5350395929991785,0.5350395929991786,0.5350395929991786,4
544,0.5425179112673132,0.5425179112673132,0.5425179112673133,0.5425179112673133,4
545,0.449923846952223,0.4499238469522229,0.4499238469522229,0.4499238469522229,4
546,0.5486603036116546,0.5486603036116545,0.5486603036116545,0.5486603036116545,4
547,0.3272593501734479,0.3272593501734479,0.327259350173448,0.327259350173448,4
548,0.47569300165038614,0.4756930016503861,0.4756930016503861,0.4756930016503861,4
549,0.4958889372434326,0.4958889372434325,0.49588893724343264,0.49588893724343264,4
550,0.49009479639022085,0.4900947963902208,0.4900947963902208,0.4900947963902208,4
551,0.5722438231716976,0.5722438231716975,0.5722438231716975,0.5722438231716976,4
552,0.48040056162873923,0.48040056162873934,0.48040056162873934,0.48040056162873934,4
553,0.5205426057066325,0.5233559055526689,0.3780487782556167,0.5233559055526689,4
554,0.5537109331835128,0.5537109331835129,0.5537109331835129,0.553710933183513,4
555,0.5216119838861604,0.5216119838861603,0.5216119838861603,0.5216119838861603,4
556,0.4353026038525573,0.4353026038525574,0.4353026038525574,0.4353026038525574,4
557,0.25173332343769683,0.25173332343769683,0.25173332343769683,0.25173332343769683,4
558,0.5715811242119273,0.5715811242119273,0.5715811242119272,0.5715811242119272,4
559,0.2947653774346272,0.29476537743462716,0.2947653774346271,0.2947653774346271,4
560,0.47566067838299053,0.4756606783829906,0.4756606783829906,0.4756606783829906,4
561,0.3500603534915725,0.35006035349157244,0.35006035349157244,0.35006035349157244,4
562,0.5617472365056608,0.5617472365056608,0.5617472365056608,0.5617472365056608,4
563,0.5007267262448557,0.5007267262448556,0.5007267262448556,0.5007267262448556,4
564,0.5185171392492569,0.518517139249257,0.5185171392492569,0.5185171392492569,4
565,0.5215726619002073,0.5215726619002075,0.5215726619002075,0.5215726619002075,4
566,0.5056514368329847,0.5056514368329846,0.5056514368329847,0.5056514368329847,4
567,0.2509561423963745,0.25095614239637454,0.25095614239637454,0.25095614239637454,4
568,0.5982845735847571,0.598284573584757,0.598284573584757,0.598284573584757,4
569,0.6358501515278682,0.6365415523099136,0.5241868630571067,0.6503573349729461,4
570,0.2789184663188632,0.29259795941581285,0.21267123430995089,0.31641888505255505,4
571,0.45810316344790164,0.45810316344790153,0.4581031634479015,0.4581031634479015,4
572,0.3763071708186618,0.3763071708186619,0.37630717081866194,0.37630717081866194,4
573,0.5927711983957338,0.592771198395734,0.592771198395734,0.592771198395734,4
574,0.39528203046588,0.3952820304658802,0.3952820304658801,0.3952820304658801,4
575,0.5416943917828784,0.5416943917828783,0.5416943917828783,0.5416943917828783,4
576,0.6114554642680586,0.6114554642680585,0.6114554642680585,0.6114554642680586,4
577,0.6325450662837735,0.6325450662837735,0.6325450662837735,0.6325450662837735,4
578,0.5113307321796342,0.5113307321796341,0.5113307321796342,0.5113307321796341,4
579,0.3388435156458163,0.35355083747008204,0.260314078505665,0.39493918982644605,4
580,0.4116530791710675,0.4116530791710675,0.4116530791710675,0.4116530791710675,4
581,0.30817964327862774,0.30817964327862774,0.30817964327862774,0.30817964327862774,4
582,0.5227147443332655,0.5742667488312965,0.4045934228161588,0.5756516345734344,4
583,0.4477216312442899,0.5010379137626169,0.3575729554189276,0.5010379137626169,4
584,0.6512090173704252,0.651209017370425,0.6512090173704251,0.6512090173704251,4
585,0.6355260759819894,0.6355260759819893,0.6355260759819893,0.6355260759819893,4
586,0.48342418102420043,0.48342418102420054,0.4834241810242006,0.4834241810242006,4
587,0.5960216002110252,0.5960216002110251,0.5960216002110251,0.5960216002110251,4
588,0.6197899870791186,0.6197899870791186,0.6197899870791186,0.6197899870791186,4
589,0.6687828863060824,0.6687828863060824,0.6687828863060825,0.6687828863060825,4
590,0.46072196011735433,0.4607219601173544,0.46072196011735445,0.46072196011735445,4
591,0.4618333969677746,0.4618333969677744,0.4618333969677744,0.4618333969677744,4
592,0.42438707506663426,0.4243870750666343,0.4243870750666343,0.4243870750666343,4
593,0.5262531572893201,0.5262531572893201,0.52625315728932,0.52625315728932,4
594,0.3865105491119235,0.3865105491119234,0.3865105491119234,0.3865105491119234,4
595,0.6026736761531291,0.6026736761531295,0.6026736761531294,0.6026736761531294,4
596,0.44052215380063225,0.44052215380063237,0.4405221538006323,0.4405221538006323,4
597,0.33100864011302505,0.3370131161066375,0.23439885020968426,0.3370131161066374,4
598,0.5772106443981688,0.5772106443981688,0.5772106443981688,0.5772106443981688,4
599,0.41472914533013705,0.41472914533013694,0.41472914533013705,0.41472914533013705,4
600,0.5025200181779016,0.5025200181779017,0.5025200181779017,0.5025200181779017,4
601,0.46930584809339204,0.4693058480933921,0.46930584809339204,0.46930584809339204,4
602,0.49622252519088633,0.4962225251908865,0.4962225251908865,0.4962225251908865,4
603,0.261246103563561,0.26124610356356104,0.26124610356356104,0.26124610356356104,4
604,0.38445661973857925,0.3844566197385792,0.38445661973857925,0.38445661973857925,4
605,0.47192856947366496,0.4728286368145518,0.3849586149652352,0.5119416851706993,4
606,0.5409894234326245,0.5409894234326246,0.5409894234326245,0.5409894234326245,4
607,0.30673544766550054,0.30673544766550065,0.30673544766550065,0.30673544766550065,4
608,0.5610166775781462,0.561016677578146,0.5610166775781461,0.5610166775781461,4
609,0.4104033668541539,0.41040336685415374,0.4104033668541538,0.4104033668541538,4
610,0.25034944925075614,0.2605585596598581,0.19165725336764047,0.26055855965985797,4
611,0.575445386121318,0.575445386121318,0.5754453861213181,0.575445386121318,4
612,0.584479225284251,0.5844792252842509,0.584479225284251,0.584479225284251,4
613,0.49977062452845644,0.49977062452845633,0.49977062452845633,0.49977062452845633,4
614,0.23834279611256037,0.23834279611256043,0.23834279611256043,0.23834279611256043,4
615,0.4365484150079021,0.4365484150079021,0.4365484150079021,0.4365484150079021,4
616,0.1733820374935714,0.17338203749357145,0.17338203749357145,0.17338203749357145,4
617,0.45804450531120233,0.45804450531120233,0.45804450531120244,0.45804450531120244,4
618,0.49622639398982493,0.49622639398982465,0.4962263939898247,0.4962263939898247,4
619,0.36355744969577203,0.36355744969577203,0.36355744969577203,0.36355744969577203,4
620,0.44894352508127755,0.44894352508127744,0.44894352508127755,0.44894352508127755,4
621,0.21538880947376687,0.21538880947376696,0.21538880947376696,0.21538880947376696,4
622,0.585408395070727,0.5854083950707268,0.5854083950707268,0.5854083950707268,4
623,0.27862428274441275,0.27862428274441275,0.27862428274441275,0.27862428274441275,4
624,0.5455956745403929,0.5455956745403929,0.5455956745403929,0.5455956745403929,4
625,0.28688703099881263,0.2868870309988127,0.2868870309988127,0.2868870309988127,4
626,0.30258457782104065,0.30258457782104065,0.30258457782104065,0.30258457782104065,4
627,0.6455773210670788,0.6455773210670789,0.6455773210670789,0.6455773210670789,4
628,0.48989620645686116,0.48989620645686127,0.48989620645686127,0.48989620645686127,4
629,0.6212085000720309,0.621208500072031,0.6212085000720311,0.6212085000720311,4
630,0.6247899356051306,0.6247899356051309,0.6247899356051309,0.6247899356051309,4
631,0.26915223112096126,0.2691522311209612,0.26915223112096137,0.26915223112096137,4
632,0.4553319843447609,0.4626645189417024,0.3650187357114495,0.4929280729736565,4
633,0.6252905733069898,0.6252905733069901,0.62529057330699,0.62529057330699,4
634,0.6141080743155279,0.6141080743155278,0.6141080743155279,0.6141080743155279,4
635,0.31385382869615475,0.31385382869615486,0.3138538286961548,0.3138538286961548,4
636,0.6590199551464233,0.6590199551464232,0.6590199551464232,0.6590199551464232,4
637,0.720596549038405,0.720596549038405,0.7205965490384051,0.7205965490384051,4
638,0.48608941851637266,0.4860894185163727,0.4860894185163727,0.4860894185163727,4
639,0.3736550277831216,0.37365502778312143,0.37365502778312143,0.37365502778312143,4
640,0.5811555052040529,0.5887618183998095,0.3778401161923792,0.5887618183998096,4
641,0.4811515521595596,0.4811515521595596,0.4811515521595596,0.4811515521595596,4
642,0.48792758568712435,0.48792758568712424,0.48792758568712424,0.48792758568712424,4
643,0.4689773843593743,0.4689773843593742,0.46897738435937414,0.46897738435937414,4
644,0.4417437869548054,0.4417437869548053,0.4417437869548053,0.4417437869548053,4
645,0.4274190394837323,0.4274190394837324,0.4274190394837324,0.4274190394837324,4
646,0.5293526099368361,0.5293526099368364,0.5293526099368364,0.5293526099368364,4
647,0.43638641814150403,0.4391051809772612,0.3289668455681943,0.43910518097726114,4
648,0.4625093288979823,0.46250932889798213,0.4625093288979822,0.4625093288979822,4
649,0.4893189827942505,0.48931898279425057,0.48931898279425046,0.48931898279425046,4
650,0.28058300448554285,0.28058300448554274,0.28058300448554285,0.28058300448554285,4
651,0.5014278848549333,0.5014278848549332,0.5014278848549332,0.5014278848549332,4
652,0.45331407294319387,0.4533140729431938,0.45331407294319376,0.45331407294319376,4
653,0.562589974496359,0.5625899744963587,0.5625899744963587,0.5625899744963587,4
654,0.18953567928732043,0.18953567928732035,0.18953567928732035,0.18953567928732035,4
655,0.3159907246417412,0.31599072464174116,0.31599072464174116,0.31599072464174116,4
656,0.5025702221994979,0.5025702221994979,0.502570222199498,0.502570222199498,4
657,0.48543145917928227,0.4854314591792823,0.4854314591792823,0.4854314591792823,4
658,0.3915326292682354,0.3915326292682354,0.3915326292682354,0.3915326292682354,4
659,0.5416125595161089,0.541612559516109,0.541612559516109,0.541612559516109,4
660,0.6855595427725263,0.6855595427725265,0.6855595427725265,0.6855595427725265,4
661,0.4691274763430289,0.469127476343029,0.469127476343029,0.469127476343029,4
662,0.5091809074838856,0.5363166387691294,0.41863162191684156,0.5635276667494372,4
663,0.4452401532567817,0.4452401532567818,0.4452401532567818,0.4452401532567818,4
664,0.44598135498695535,0.44598135498695524,0.4459813549869553,0.4459813549869553,4
665,0.6582649030293581,0.6582649030293579,0.658264903029358,0.658264903029358,4
666,0.4606743014750806,0.46067430147508054,0.4606743014750806,0.4606743014750806,4
667,0.48312345847054705,0.4974317917733165,0.32810356136411445,0.5104260088725858,4
668,0.6104353006225613,0.6104353006225615,0.6104353006225615,0.6104353006225615,4
669,0.6408723712186135,0.6408723712186135,0.6408723712186135,0.6408723712186135,4
670,0.7031478898978482,0.703147889897848,0.703147889897848,0.703147889897848,4
671,0.38797496356038835,0.3966177009276791,0.1719875741636566,0.4076309744770425,4
672,0.4464504693635628,0.4464504693635627,0.4464504693635628,0.4464504693635628,4
673,0.5338776095377378,0.5338776095377376,0.5338776095377376,0.5338776095377376,4
674,0.5644651222162718,0.5644651222162717,0.5644651222162718,0.5644651222162718,4
675,0.3982165749674741,0.39821657496747426,0.3982165749674742,0.3982165749674742,4
676,0.33983501267031524,0.33983501267031524,0.33983501267031524,0.33983501267031524,4
677,0.5996994438116201,0.5996994438116201,0.5996994438116201,0.5996994438116201,4
678,0.44426849500565807,0.4442684950056582,0.44426849500565824,0.44426849500565824,4
679,0.6743372912329438,0.6867646886635425,0.5105543876412421,0.6929094305862857,4
680,0.37152801247596723,0.3715280124759671,0.3715280124759671,0.3715280124759671,4
681,0.4347628930289941,0.4347628930289943,0.4347628930289943,0.4347628930289943,4
682,0.5559340342343709,0.5559340342343708,0.5559340342343709,0.5559340342343709,4
683,0.6782138550101543,0.6939957995463059,0.5359327939688514,0.6960373196976639,4
684,0.23636611492876303,0.23636611492876303,0.23636611492876303,0.23636611492876303,4
685,0.5773363501994685,0.5773363501994684,0.5773363501994684,0.5773363501994684,4
686,0.518703760246839,0.518703760246839,0.518703760246839,0.518703760246839,4
687,0.32327518701271224,0.34163008566517705,0.29283204199152674,0.356709592991441,4
688,0.4699922468990311,0.46999224689903113,0.4699922468990311,0.4699922468990311,4
689,0.41694746525547194,0.416947465255472,0.41694746525547194,0.41694746525547194,4
690,0.6904472720944828,0.690447272094483,0.690447272094483,0.690447272094483,4
691,0.179090256398537,0.17909025639853698,0.179090256398537,0.179090256398537,4
692,0.5793790900008113,0.5793790900008114,0.5793790900008116,0.5793790900008114,4
693,0.494321755788624,0.4943217557886239,0.4943217557886239,0.4943217557886239,4
694,0.5025841060349038,0.5025841060349037,0.5025841060349037,0.5025841060349037,4
695,0.22933161794758042,0.22933161794758036,0.22933161794758034,0.22933161794758036,4
696,0.5587351566033316,0.5587351566033317,0.5587351566033316,0.5587351566033316,4
697,0.46306523318362214,0.46306523318362214,0.4630652331836222,0.46306523318362214,4
698,0.2949748029705439,0.2949748029705439,0.2949748029705439,0.2949748029705439,4
699,0.5020852519387491,0.502085251938749,0.5020852519387491,0.5020852519387491,4
700,0.3705149288739626,0.37051492887396265,0.3705149288739626,0.3705149288739626,4
701,0.4618483064079597,0.4618483064079597,0.4618483064079597,0.4618483064079597,4
702,0.44326676337780635,0.44666322742079345,0.31825736254718395,0.4466632274207934,4
703,0.5412324721465769,0.5412324721465771,0.5412324721465771,0.5412324721465771,4
704,0.3245703291153549,0.3245703291153548,0.32457032911535477,0.32457032911535477,4
705,0.409662431356001,0.409662431356001,0.40966243135600106,0.40966243135600106,4
706,0.6687336282538519,0.6687336282538519,0.6687336282538519,0.6687336282538519,4
707,0.5374063559632336,0.5374063559632332,0.5374063559632333,0.5374063559632333,4
708,0.2436574471516257,0.2462249174766825,0.19809662451393067,0.2527876683661622,4
709,0.65860148026321,0.65860148026321,0.6586014802632099,0.65860148026321,4
710,0.5508126827354091,0.5508126827354092,0.5508126827354092,0.5508126827354092,4
711,0.28074120439655553,0.2807412043965554,0.2807412043965555,0.2807412043965555,4
712,0.5567596561579686,0.5567596561579686,0.5567596561579686,0.5567596561579686,4
713,0.33675330383461366,0.39635863432801177,0.2297319846917526,0.4045446278379602,4
714,0.5407067625400899,0.54070676254009,0.54070676254009,0.54070676254009,4
715,0.5437357696623462,0.5437357696623464,0.5437357696623464,0.5437357696623464,4
716,0.41892985385032183,0.47237637771665075,0.26753155972288667,0.48731349835622156,4
717,0.5425516353965582,0.5425516353965584,0.5425516353965583,0.5425516353965583,4
718,0.2881094268639262,0.29576880908758674,0.20218333574990702,0.3169378722763093,4
719,0.38011129327451654,0.3801112932745165,0.38011129327451654,0.38011129327451654,4
720,0.4840289847262318,0.48402898472623157,0.48402898472623157,0.48402898472623157,4
721,0.4947474702562501,0.4947474702562501,0.4947474702562501,0.4947474702562501,4
722,0.5440880627683546,0.5440880627683546,0.5440880627683545,0.5440880627683545,4
723,0.5625857191892918,0.5625857191892916,0.5625857191892916,0.5625857191892916,4
724,0.10758294398272081,0.1075829439827208,0.10758294398272078,0.10758294398272078,4
725,0.5094648469902016,0.5094648469902016,0.5094648469902016,0.5094648469902016,4
726,0.408586648268002,0.40858664826800223,0.4085866482680022,0.4085866482680022,4
727,0.5664866902655161,0.5664866902655158,0.5664866902655158,0.5664866902655158,4
728,0.43215195695696923,0.4344695148924954,0.31004197713661835,0.44491150079813235,4
729,0.6519207441714723,0.651920744171472,0.6519207441714723,0.6519207441714723,4
730,0.5817685331827904,0.5817685331827906,0.5817685331827906,0.5817685331827906,4
731,0.40979259900619347,0.40979259900619364,0.4097925990061936,0.4097925990061936,4
732,0.64346274943616,0.6434627494361599,0.64346274943616,0.64346274943616,4
733,0.3645127436916832,0.3645127436916831,0.3645127436916832,0.3645127436916831,4
734,0.4879048865909686,0.48790488659096876,0.48790488659096876,0.48790488659096876,4
735,0.4126186214618073,0.4126186214618074,0.4126186214618073,0.4126186214618073,4
736,0.5904350508605889,0.5904350508605889,0.590435050860589,0.590435050860589,4
737,0.4329328902932005,0.4329328902932004,0.4329328902932004,0.4329328902932004,4
738,0.39272917308285565,0.4162382443384828,0.3026095163265996,0.44128559068198075,4
739,0.35302241978871196,0.35302241978871196,0.3530224197887119,0.3530224197887119,4
740,0.4587575414788877,0.4587575414788877,0.45875754147888764,0.4587575414788877,4
741,0.5816804311307763,0.5816804311307762,0.5816804311307762,0.5816804311307762,4
742,0.36702817532791976,0.3670281753279198,0.3670281753279198,0.3670281753279198,4
743,0.5378005538110913,0.5378005538110916,0.5378005538110915,0.5378005538110915,4
744,0.5325619718173761,0.5325619718173762,0.5325619718173762,0.5325619718173762,4
745,0.42041583560119045,0.42041583560119045,0.4204158356011904,0.4204158356011904,4
746,0.3922058584741469,0.3922058584741469,0.3922058584741469,0.3922058584741469,4
747,0.5818684856887708,0.5818684856887708,0.5818684856887709,0.5818684856887709,4
748,0.30531519392962436,0.30531519392962436,0.3053151939296244,0.3053151939296244,4
749,0.5761188520742218,0.5761188520742216,0.5761188520742215,0.5761188520742215,4
750,0.5668420362762074,0.5668420362762074,0.5668420362762074,0.5668420362762074,4
751,0.48180896619959035,0.48180896619959035,0.48180896619959035,0.48180896619959035,4
752,0.4297502163725946,0.42975021637259475,0.4297502163725948,0.4297502163725948,4
753,0.49688704153748664,0.4968870415374866,0.49688704153748664,0.49688704153748664,4
754,0.4324713987937283,0.43247139879372826,0.43247139879372826,0.43247139879372826,4
755,0.3644706113290803,0.36447061132908043,0.3644706113290804,0.3644706113290804,4
756,0.5126593802188916,0.5126593802188916,0.5126593802188916,0.5126593802188916,4
757,0.5260791843558831,0.5260791843558832,0.5260791843558832,0.5260791843558832,4
758,0.3156846245789483,0.31568462457894836,0.3156846245789483,0.31568462457894836,4
759,0.5328765784977514,0.5328765784977514,0.5328765784977514,0.5328765784977514,4
760,0.34777208382821656,0.3477720838282165,0.3477720838282165,0.3477720838282165,4
761,0.5213477679239974,0.5213477679239974,0.5213477679239974,0.5213477679239974,4
762,0.5552555090229141,0.5552555090229139,0.5552555090229139,0.5552555090229139,4
763,0.5102755494309281,0.5233498949421523,0.35843345411347516,0.5512058255371569,4
764,0.546238755334662,0.5462387553346622,0.5462387553346622,0.5462387553346622,4
765,0.5190370787624479,0.5190370787624479,0.519037078762448,0.519037078762448,4
766,0.5373938730296122,0.5373938730296122,0.5373938730296122,0.5373938730296122,4
767,0.36223154227554943,0.3622315422755494,0.3622315422755494,0.3622315422755494,4
768,0.4314956917795362,0.4314956917795364,0.4314956917795363,0.4314956917795363,4
769,0.5427542147161728,0.5521218061396119,0.43089591880184186,0.552121806139612,4
770,0.5901061068848239,0.5901061068848237,0.5901061068848237,0.5901061068848237,4
771,0.641649409863964,0.6416494098639637,0.6416494098639637,0.6416494098639637,4
772,0.1895735943459996,0.18957359434599963,0.18957359434599963,0.18957359434599963,4
773,0.7048091932814107,0.7048091932814105,0.7048091932814105,0.7048091932814105,4
774,0.5788315988268982,0.5884411486999659,0.5109153157533126,0.5916999207123954,4
775,0.5641557798577599,0.5641557798577601,0.5641557798577601,0.5641557798577601,4
776,0.32527039217503495,0.32527039217503495,0.32527039217503495,0.32527039217503495,4
777,0.5091371173035881,0.5091371173035886,0.5091371173035886,0.5091371173035886,4
778,0.4424074130769745,0.44240741307697434,0.4424074130769744,0.4424074130769744,4
779,0.5941385463512637,0.5941385463512638,0.5941385463512638,0.5941385463512638,4
780,0.5884563426713337,0.5884563426713337,0.5884563426713337,0.5884563426713337,4
781,0.6885348698394299,0.68853486983943,0.68853486983943,0.68853486983943,4
782,0.3728278550949372,0.37282785509493743,0.37282785509493743,0.37282785509493743,4
783,0.6492758746003461,0.6492758746003461,0.6492758746003462,0.6492758746003462,4
784,0.51253427508886,0.5125342750888598,0.5125342750888598,0.5125342750888598,4
785,0.6592710902044494,0.6592710902044493,0.6592710902044493,0.6592710902044493,4
786,0.1984076220314786,0.21152842401165983,0.15773042895514178,0.21152842401165983,4
787,0.49699799546082185,0.4969979954608219,0.4969979954608219,0.4969979954608219,4
788,0.5768553653692821,0.5768553653692822,0.5768553653692822,0.5768553653692822,4
789,0.41336791356556307,0.4133679135655631,0.4133679135655631,0.4133679135655631,4
790,0.5337857423927728,0.5337857423927728,0.5337857423927729,0.5337857423927729,4
791,0.6279146630123662,0.6440352461481469,0.5580471288477289,0.6440352461481469,4
792,0.37133585967241667,0.37133585967241683,0.37133585967241683,0.37133585967241683,4
793,0.5729468426242134,0.5729468426242132,0.5729468426242132,0.5729468426242132,4
794,0.6536280520290316,0.6536280520290317,0.6536280520290316,0.6536280520290316,4
795,0.5505073397764315,0.5505073397764315,0.5505073397764315,0.5505073397764315,4
796,0.37387599201236543,0.3738759920123653,0.3738759920123653,0.3738759920123653,4
797,0.5054154309374898,0.5054154309374899,0.5054154309374898,0.5054154309374898,4
798,0.5325900230569166,0.5325900230569166,0.5325900230569165,0.5325900230569165,4
799,0.5730088455200893,0.5730088455200893,0.5730088455200895,0.5730088455200895,4
800,0.3780025650674268,0.3780025650674268,0.3780025650674268,0.3780025650674268,4
801,0.5786980567565576,0.5786980567565574,0.5786980567565575,0.5786980567565575,4
802,0.49292391319351025,0.4929239131935101,0.49292391319351003,0.49292391319351003,4
803,0.549243084184839,0.549243084184839,0.549243084184839,0.549243084184839,4
804,0.16718668174312737,0.1671866817431274,0.1671866817431274,0.1671866817431274,4
805,0.4186697406092058,0.41866974060920575,0.41866974060920586,0.41866974060920586,4
806,0.4775319780996088,0.47753197809960896,0.4775319780996088,0.4775319780996088,4
807,0.48586153113708785,0.48586153113708797,0.48586153113708797,0.48586153113708797,4
808,0.2902877441109231,0.2902877441109232,0.2902877441109231,0.2902877441109231,4
809,0.5112269925097012,0.5112269925097014,0.5112269925097015,0.5112269925097015,4
810,0.6655723401032729,0.6655723401032729,0.6655723401032729,0.6655723401032729,4
811,0.4505971226687808,0.45059712266878094,0.4505971226687809,0.4505971226687808,4
812,0.3763200648030601,0.3763200648030599,0.3763200648030599,0.3763200648030599,4
813,0.4434990228588912,0.4434990228588915,0.4434990228588914,0.4434990228588914,4
814,0.4568893682120985,0.45688936821209875,0.4568893682120987,0.4568893682120987,4
815,0.48348822594840285,0.48348822594840285,0.4834882259484029,0.4834882259484029,4
816,0.36059497400651386,0.3605949740065138,0.3605949740065138,0.3605949740065138,4
817,0.4644247176241523,0.46442471762415233,0.4644247176241524,0.4644247176241524,4
818,0.5598235896929142,0.5598235896929142,0.5598235896929142,0.5598235896929142,4
819,0.6021874301888344,0.6021874301888345,0.6021874301888345,0.6021874301888345,4
820,0.3761662725079117,0.3761662725079118,0.3761662725079118,0.3761662725079118,4
821,0.4649695814498152,0.46496958144981526,0.46496958144981526,0.46496958144981526,4
822,0.3996362648405673,0.39963626484056725,0.3996362648405673,0.3996362648405673,4
823,0.3603272867425724,0.36032728674257236,0.36032728674257236,0.36032728674257236,4
824,0.5158248379571406,0.5158248379571408,0.5158248379571408,0.5158248379571408,4
825,0.43227294575806896,0.4624812462803054,0.31232247593199747,0.46915486635892234,4
826,0.39743576136450576,0.3974357613645055,0.3974357613645055,0.3974357613645055,4
827,0.5685031496534558,0.5685031496534559,0.5685031496534559,0.5685031496534559,4
828,0.3895385094795643,0.38953850947956437,0.3895385094795643,0.3895385094795643,4
829,0.472860041348221,0.472860041348221,0.472860041348221,0.472860041348221,4
830,0.629490461064838,0.629490461064838,0.629490461064838,0.629490461064838,4
831,0.704536730664851,0.704536730664851,0.7045367306648509,0.7045367306648509,4
832,0.5623604633548186,0.5623604633548187,0.5623604633548185,0.5623604633548185,4
833,0.4480134243986247,0.4480134243986246,0.44801342439862457,0.44801342439862457,4
834,0.519666499497254,0.5196664994972539,0.519666499497254,0.519666499497254,4
835,0.506422993477778,0.506422993477778,0.5064229934777781,0.5064229934777781,4
836,0.6084471713838114,0.6084471713838112,0.6084471713838112,0.6084471713838112,4
837,0.6074273034585306,0.6074273034585306,0.6074273034585307,0.6074273034585307,4
838,0.4869379882445523,0.48693798824455237,0.48693798824455237,0.48693798824455237,4
839,0.6247651084541634,0.6247651084541634,0.6247651084541634,0.6247651084541634,4
840,0.6657883065176675,0.6657883065176673,0.6657883065176673,0.6657883065176673,4
841,0.5818428406765646,0.5818428406765648,0.5818428406765648,0.5818428406765647,4
842,0.36168467093002715,0.36168467093002726,0.36168467093002726,0.36168467093002726,4
843,0.4864142807299703,0.48641428072997006,0.4864142807299701,0.4864142807299701,4
844,0.6441409213388076,0.6441409213388076,0.6441409213388076,0.6441409213388076,4
845,0.6177472010798862,0.6177472010798863,0.6177472010798863,0.6177472010798863,4
846,0.321254933173076,0.3212549331730761,0.3212549331730761,0.3212549331730761,4
847,0.4881412997990974,0.4881412997990974,0.4881412997990974,0.4881412997990974,4
848,0.6078064431775165,0.6078064431775164,0.6078064431775164,0.6078064431775164,4
849,0.4860426583612627,0.4860426583612628,0.4860426583612628,0.4860426583612628,4
850,0.5043467975240126,0.5043467975240128,0.5043467975240128,0.5043467975240128,4
851,0.6324107342783716,0.6490917267697571,0.5516726578115221,0.6539976376209308,4
852,0.6144682280169997,0.6144682280170001,0.614468228017,0.614468228017,4
853,0.5361181328740859,0.5361181328740859,0.5361181328740859,0.5361181328740859,4
854,0.5897712331724692,0.5897712331724693,0.5897712331724694,0.5897712331724694,4
855,0.645330192884044,0.6453301928840443,0.6453301928840443,0.6453301928840443,4
856,0.3934262687872959,0.3934262687872959,0.3934262687872958,0.3934262687872958,4
857,0.41798948473840536,0.41798948473840547,0.41798948473840547,0.41798948473840547,4
858,0.4690982772199345,0.46909827721993475,0.46909827721993475,0.46909827721993475,4
859,0.5679061394660574,0.5679061394660574,0.5679061394660574,0.5679061394660574,4
860,0.49366454746593186,0.49366454746593186,0.49366454746593186,0.49366454746593175,4
861,0.5189611502260724,0.5189611502260723,0.5189611502260721,0.5189611502260721,4
862,0.6947314728795778,0.6947314728795779,0.6947314728795779,0.6947314728795779,4
863,0.6309212378385527,0.6309212378385526,0.6309212378385526,0.6309212378385526,4
864,0.6399327697418857,0.6399327697418857,0.6399327697418856,0.6399327697418856,4
865,0.5598005160024465,0.5652191366130113,0.4532373941991961,0.6020517092205631,4
866,0.44609724955954266,0.4460972495595426,0.44609724955954255,0.44609724955954255,4
867,0.5720356945118168,0.5720356945118169,0.572035694511817,0.572035694511817,4
868,0.5522282380645536,0.5522282380645536,0.5522282380645536,0.5522282380645536,4
869,0.42707960068017314,0.42707960068017303,0.42707960068017303,0.42707960068017303,4
870,0.4786637772583681,0.47866377725836806,0.47866377725836806,0.47866377725836806,4
871,0.4047670794349435,0.433971064023103,0.30740634313831583,0.433971064023103,4
872,0.41545241406130695,0.4154524140613069,0.41545241406130695,0.41545241406130695,4
873,0.3912388592307987,0.39123885923079876,0.39123885923079876,0.39123885923079876,4
874,0.5331207173254162,0.5446422863238429,0.35437191087326153,0.544642286323843,4
875,0.6319972368893996,0.6444569557718205,0.5606213494538396,0.6726917325236685,4
876,0.43937183915207956,0.43937183915207967,0.43937183915207967,0.43937183915207967,4
877,0.630768521380101,0.630768521380101,0.630768521380101,0.630768521380101,4
878,0.5375525873229512,0.5375525873229511,0.5375525873229511,0.5375525873229511,4
879,0.4938808229242385,0.49388082292423824,0.49388082292423824,0.49388082292423824,4
880,0.40288148847760363,0.4028814884776036,0.4028814884776036,0.4028814884776036,4
881,0.5008721461039976,0.5008721461039977,0.5008721461039976,0.5008721461039976,4
882,0.5007308990229701,0.5007308990229701,0.5007308990229701,0.5007308990229701,4
883,0.6406222448263268,0.6406222448263268,0.640622244826327,0.640622244826327,4
884,0.3476699149992182,0.34766991499921823,0.3476699149992182,0.3476699149992182,4
885,0.42724030460427953,0.42724030460427964,0.42724030460427964,0.42724030460427964,4
886,0.48708460871222403,0.48708460871222403,0.48708460871222403,0.48708460871222403,4
887,0.5023917602775249,0.5289182258172354,0.45662679958887603,0.5289182258172354,4
888,0.4220909307622335,0.4220909307622335,0.4220909307622336,0.4220909307622336,4
889,0.4586059413249565,0.45860594132495636,0.45860594132495636,0.45860594132495636,4
890,0.4810457370040948,0.5002506514063152,0.3671130547685463,0.5383385874951966,4
891,0.3125888850908332,0.31258888509083305,0.31258888509083316,0.31258888509083316,4
892,0.5250001189742045,0.5250001189742043,0.5250001189742043,0.5250001189742043,4
893,0.44754591394286536,0.4475459139428654,0.44754591394286547,0.44754591394286547,4
894,0.5132368355003907,0.5132368355003907,0.5132368355003907,0.5132368355003907,4
895,0.7334209206201636,0.7334209206201636,0.7334209206201635,0.7334209206201635,4
896,0.6178501691610205,0.6178501691610205,0.6178501691610204,0.6178501691610204,4
897,0.6735146565678574,0.6735146565678577,0.6735146565678576,0.6735146565678576,4
898,0.30806588297768567,0.3080658829776858,0.3080658829776857,0.3080658829776857,4
899,0.2982024145951729,0.2982024145951728,0.2982024145951728,0.2982024145951728,4
900,0.7316687064885993,0.7316687064885994,0.7316687064885994,0.7316687064885994,4
901,0.504773565630852,0.5047735656308521,0.5047735656308521,0.5047735656308521,4
902,0.4163099308478326,0.41630993084783263,0.41630993084783263,0.41630993084783263,4
903,0.21882488943507059,0.2188248894350706,0.2188248894350706,0.2188248894350706,4
904,0.5798860806108358,0.5865790647093865,0.47926095546233527,0.5976815340206842,4
905,0.4778118786101894,0.47781187861018937,0.47781187861018937,0.47781187861018937,4
906,0.47922436896533693,0.49491387448141366,0.42234013588322494,0.5005568950214065,4
907,0.573470486164809,0.573470486164809,0.5734704861648091,0.5734704861648091,4
908,0.5002737746999982,0.5002737746999983,0.5002737746999983,0.5002737746999983,4
909,0.5845723996870833,0.5845723996870834,0.5845723996870834,0.5845723996870834,4
910,0.6117860491767607,0.6117860491767607,0.6117860491767606,0.6117860491767607,4
911,0.3772616779043692,0.377261677904369,0.37726167790436893,0.3772616779043689,4
912,0.594373335525935,0.5943733355259349,0.594373335525935,0.594373335525935,4
913,0.45912831084357575,0.45912831084357586,0.45912831084357586,0.45912831084357586,4
914,0.45408447259041695,0.4565609245028983,0.3800312710788676,0.4919630649640917,4
915,0.5256390061661076,0.5256390061661076,0.5256390061661076,0.5256390061661076,4
916,0.47027348554955184,0.4716633083680334,0.34268264924954095,0.49195294391630257,4
917,0.4834705075928163,0.4834705075928162,0.4834705075928162,0.4834705075928162,4
918,0.5195395930592797,0.5195395930592797,0.5195395930592798,0.5195395930592798,4
919,0.36245831124716255,0.36245831124716266,0.3624583112471626,0.3624583112471626,4
920,0.22052109207881287,0.22052109207881293,0.22052109207881293,0.22052109207881293,4
921,0.594512529305593,0.5945125293055931,0.5945125293055931,0.5945125293055931,4
922,0.5964931908055346,0.5964931908055348,0.5964931908055346,0.5964931908055346,4
923,0.4860044877954197,0.4860044877954197,0.4860044877954197,0.4860044877954197,4
924,0.3446544018167457,0.3574645062590491,0.2959698118238103,0.36662334263152124,4
925,0.61859569134503,0.6185956913450296,0.6185956913450297,0.6185956913450297,4
926,0.3665012279876819,0.3665012279876817,0.36650122798768164,0.36650122798768164,4
927,0.43496143758886274,0.4349614375888628,0.43496143758886285,0.43496143758886285,4
928,0.5015517530016121,0.5015517530016123,0.5015517530016123,0.5015517530016123,4
929,0.47559352206081495,0.47559352206081495,0.4755935220608149,0.4755935220608149,4
930,0.5668150702891804,0.5668150702891805,0.5668150702891805,0.5668150702891805,4
931,0.4694835490400027,0.46948354904000283,0.46948354904000283,0.46948354904000283,4
932,0.5087314043327393,0.5087314043327394,0.5087314043327393,0.5087314043327393,4
933,0.2681615041109262,0.2681615041109262,0.2681615041109262,0.2681615041109262,4
934,0.6113468548904407,0.6113468548904408,0.6113468548904407,0.6113468548904407,4
935,0.3596888226201825,0.38013232255401097,0.2847444619505904,0.38013232255401097,4
936,0.44275814805505653,0.44275814805505664,0.4427581480550566,0.4427581480550566,4
937,0.6294143631434761,0.6294143631434762,0.6294143631434763,0.6294143631434763,4
938,0.578140477620095,0.578140477620095,0.578140477620095,0.578140477620095,4
939,0.568060452921808,0.5680604529218081,0.5680604529218081,0.5680604529218081,4
940,0.44471794144061944,0.44471794144061944,0.4447179414406194,0.4447179414406194,4
941,0.5275225315803327,0.5275225315803327,0.5275225315803326,0.5275225315803326,4
942,0.14070578224595914,0.14070578224595914,0.1407057822459591,0.1407057822459591,4
943,0.7049346540281722,0.7049346540281722,0.7049346540281721,0.7049346540281721,4
944,0.4995199913864634,0.49951999138646336,0.4995199913864633,0.4995199913864633,4
945,0.4406555106859048,0.46703241485842933,0.3447991832679524,0.4670324148584293,4
946,0.5554388977066576,0.5554388977066576,0.5554388977066576,0.5554388977066576,4
947,0.5127851820866973,0.5127851820866973,0.5127851820866973,0.5127851820866973,4
948,0.5435093071987731,0.5435093071987734,0.5435093071987733,0.5435093071987733,4
949,0.5091844026211472,0.5091844026211472,0.5091844026211472,0.5091844026211472,4
950,0.3942568161071743,0.3942568161071743,0.39425681610717433,0.39425681610717433,4
951,0.4406349046397299,0.4411553323071696,0.3052597013292959,0.46268683824735246,4
952,0.7171882687337077,0.7171882687337078,0.7171882687337077,0.7171882687337077,4
953,0.6664524321391562,0.6852056006129384,0.5142076460253335,0.7017725209243737,4
954,0.6701140399478513,0.6701140399478517,0.6701140399478517,0.6701140399478516,4
955,0.5251620225222319,0.5491330601869568,0.418886699838514,0.5561422238775526,4
956,0.48390161752458893,0.5005376922940734,0.4405090085163521,0.5048900224774846,4
957,0.5359518055960463,0.5359518055960462,0.5359518055960463,0.5359518055960463,4
958,0.6420135650307514,0.6420135650307514,0.6420135650307515,0.6420135650307515,4
959,0.4028951752081026,0.407405985955858,0.3196972323659303,0.4425133276375705,4
960,0.5364730791291115,0.5364730791291112,0.5364730791291112,0.5364730791291112,4
961,0.14061181610037907,0.14061181610037898,0.140611816100379,0.14061181610037898,4
962,0.596819192224618,0.596819192224618,0.5968191922246179,0.5968191922246179,4
963,0.7076889168473275,0.7076889168473276,0.7076889168473277,0.7076889168473277,4
964,0.6492301885909366,0.6492301885909364,0.6492301885909366,0.6492301885909366,4
965,0.47372528152123977,0.4737252815212397,0.4737252815212397,0.4737252815212397,4
966,0.510447151396653,0.5104471513966529,0.5104471513966528,0.5104471513966528,4
967,0.5906721443585101,0.6067176815714453,0.47045548558591194,0.6211617540982912,4
968,0.38935599234425733,0.3893559923442574,0.38935599234425744,0.38935599234425744,4
969,0.6236312460827865,0.6236312460827866,0.6236312460827865,0.6236312460827865,4
970,0.37301308770472463,0.3730130877047248,0.37301308770472474,0.37301308770472474,4
971,0.5078337832051134,0.5078337832051133,0.5078337832051132,0.5078337832051132,4
972,0.45899753747042893,0.4589975374704291,0.45899753747042904,0.45899753747042904,4
973,0.5031625961131342,0.5031625961131341,0.5031625961131342,0.5031625961131342,4
974,0.44027437641062495,0.448798950867666,0.3408147585015343,0.46314458999347097,4
975,0.33311316941209046,0.33311316941209046,0.33311316941209046,0.33311316941209046,4
976,0.4401797401432269,0.44017974014322686,0.4401797401432269,0.4401797401432269,4
977,0.343911172754877,0.343911172754877,0.3439111727548769,0.3439111727548769,4
978,0.39511929047250555,0.3951192904725052,0.39511929047250527,0.39511929047250527,4
979,0.6338987967127652,0.6732136066499301,0.5391035462237949,0.6732136066499301,4
980,0.5545034344082809,0.5545034344082812,0.5545034344082812,0.5545034344082812,4
981,0.4847049470551462,0.48470494705514616,0.48470494705514616,0.48470494705514616,4
982,0.39280959634404755,0.39280959634404755,0.39280959634404755,0.39280959634404755,4
983,0.26943695343750884,0.26943695343750884,0.26943695343750884,0.26943695343750884,4
984,0.2936404083629425,0.2936404083629425,0.2936404083629425,0.2936404083629425,4
985,0.4957887206495931,0.4957887206495929,0.495788720649593,0.495788720649593,4
986,0.53885438767479,0.53885438767479,0.53885438767479,0.53885438767479,4
987,0.5277150572793254,0.5520513403386205,0.4305004907502714,0.5520513403386206,4
988,0.5149954309864645,0.5149954309864646,0.5149954309864646,0.5149954309864646,4
989,0.4751686659247573,0.4751686659247574,0.47516866592475737,0.47516866592475737,4
990,0.404034886680923,0.40403488668092313,0.40403488668092313,0.40403488668092313,4
991,0.4815863437373775,0.48158634373737746,0.48158634373737746,0.48158634373737746,4
992,0.5961746023341306,0.5961746023341304,0.5961746023341306,0.5961746023341306,4
993,0.5023888051289143,0.5023888051289143,0.5023888051289143,0.5023888051289143,4
994,0.5118240861712359,0.5513240782909116,0.38423515586955337,0.5513240782909117,4
995,0.4338402498829539,0.47329116710376706,0.3389454324311588,0.47441460185660395,4
996,0.4296821043058516,0.42968210430585163,0.42968210430585163,0.42968210430585163,4
997,0.4126352508736693,0.4126352508736692,0.41263525087366915,0.41263525087366915,4
998,0.35279029551385654,0.3527902955138567,0.35279029551385666,0.35279029551385666,4
999,0.5230772654414502,0.5230772654414502,0.5230772654414501,0.5230772654414501,4
1000,0.47715787555079126,0.47715787555079126,0.4771578755507913,0.4771578755507913,4
